atividade_id,equipe_id,atividade,unidade_meta,janela_operacional,restricao_principal,atividade_alternativa_id,atividade_alternativa,origem_dado
AT001,EQ01,Monitoramento de avifauna (transecto),h,Manhã 6h–10h — dias secos,Chuva forte impede visibilidade e acesso,AT004,Análise de dados e relatórios de fauna,PROERG
AT002,EQ01,Monitoramento de mastofauna e câmeras-trap,h,Crepúsculo e madrugada — dias secos,Chuva intensa impede acesso às trilhas,AT004,Análise de dados e relatórios de fauna,PROERG
AT003,EQ01,Monitoramento de herpetofauna e ictiofauna,h,Crepúsculo e noite,Seca severa reduz populações em campo,AT004,Análise de dados e relatórios de fauna,PROERG
AT004,EQ01,Análise de dados e relatórios de fauna,h,Qualquer período,Sem restrição climática,AT001,Monitoramento de avifauna,PROERG
AT005,EQ02,Inventário florestal e fitossociologia,ha,Período seco — maio a agosto,Chuva dificulta acesso e medições DAP,AT008,Análise de imagens e laudos técnicos,PROERG
AT006,EQ02,Controle de espécies exóticas invasoras,ha,Período seco — maio a agosto,Incêndio próximo impede entrada na área,AT008,Análise de imagens e laudos técnicos,PROERG
AT007,EQ02,Coleta de sementes nativas e mapeamento,ha,Frutificação: set–nov e fev–abr,Chuva intensa impede coleta e triagem,AT008,Análise de imagens e laudos técnicos,PROERG
AT008,EQ02,Análise de imagens e laudos técnicos,h,Qualquer período,Sem restrição climática,AT005,Inventário florestal,PROERG
AT009,EQ03,Monitoramento de qualidade da água,h,Ano todo — evitar cheias extremas,Cheia suspende coleta de amostras,AT012,Análise laboratorial e relatórios hídricos,PROERG
AT010,EQ03,Controle de macrófitas aquáticas,ha,Período chuvoso — out a mar,Vento forte impede navegação segura,AT012,Análise laboratorial e relatórios hídricos,PROERG
AT011,EQ03,Batimetria e monitoramento de erosão marginal,km,Período seco — mai a set,Nível alto do rio impede batimetria,AT012,Análise laboratorial e relatórios hídricos,PROERG
AT012,EQ03,Análise laboratorial e relatórios hídricos,h,Qualquer período,Aguardar autorização regulatória,AT009,Monitoramento qualidade da água,PROERG
AT013,EQ04,Plantio de mudas nativas,mudas,Set–nov (pré-chuvas),Geada e seca severa comprometem pegamento,AT016,Manutenção de plantios e tratos culturais,PROERG
AT014,EQ04,Restauração de APP e recuperação de nascentes,ha,Set–dez (estação chuvosa),Estiagem severa seca nascentes recém-restauradas,AT016,Manutenção de plantios e tratos culturais,PROERG
AT015,EQ04,Semeadura direta e revegetação de taludes,ha,Out–fev (chuvas regulares),Chuva intensa pós-semeadura lixivia sementes,AT016,Manutenção de plantios e tratos culturais,PROERG
AT016,EQ04,Manutenção de plantios e tratos culturais,h,Qualquer período,Falta de insumos no viveiro,AT013,Plantio de mudas nativas,PROERG
AT017,EQ05,Controle de voçorocas e erosão,m³,Período seco — mai a set,Chuva ativa processos erosivos durante obras,AT020,Georreferenciamento de focos erosivos,PROERG
AT018,EQ05,Instalação de bacias de contenção,un,Período seco — mai a ago,Ausência de EPI específico para escavação,AT020,Georreferenciamento de focos erosivos,PROERG
AT019,EQ05,Drenagem superficial e manejo de solo,h,Qualquer período,Chuva persistente suspende obras civis,AT020,Georreferenciamento de focos erosivos,PROERG
AT020,EQ05,Georreferenciamento de focos erosivos,km,Qualquer período,Sem restrição climática,AT017,Controle de voçorocas,PROERG
AT021,EQ06,Programa ambiental em escolas da BP3,escola,Período letivo — fev a nov,Recesso escolar e feriados prolongados,AT024,Produção de materiais educativos,PROERG
AT022,EQ06,Trilhas interpretativas e visitas guiadas,participante,Ano todo,Chuva forte e raios impedem trilha,AT024,Produção de materiais educativos,PROERG
AT023,EQ06,Capacitação de agentes e brigadistas,h,Qualquer período,Falta de espaço e logística de transporte,AT024,Produção de materiais educativos,PROERG
AT024,EQ06,Produção de materiais educativos e digitais,un,Qualquer período,Sem restrição climática,AT021,Programa ambiental em escolas,PROERG
