bloqueador_id,data,equipe_id,tipo_bloqueador,impacto,horas_impactadas,impactou_planejamento,plano_afetado_id,atividade_planejada_afetada,observacao,origem_dado
BL001,2026-03-10,EQ01,CLIMÁTICO,ALTO,72,SIM,PM0001,Monitoramento de avifauna,Chuva excepcional 150mm em 24h suspendeu campo por 3 dias consecutivos.,PROERG
BL002,2026-04-15,EQ02,LOGÍSTICO,MÉDIO,40,SIM,PM0017,Inventário florestal,Veículo da equipe quebrou — aguardou 5 dias por manutenção; laudo enviado à frota.,PROERG
BL003,2026-05-03,EQ03,REGULATÓRIO,ALTO,80,SIM,PM0033,Monitoramento qualidade da água,Autorização IBAMA para coleta em zona núcleo não renovada a tempo. Aguardou 2 semanas.,PROERG
BL004,2026-06-18,EQ04,CLIMÁTICO,MÉDIO,32,SIM,PM0049,Plantio de mudas nativas,Geada registrada às 03h — proteção emergencial das mudas recém plantadas.,PROERG
BL005,2026-07-09,EQ05,LOGÍSTICO,MÉDIO,16,SIM,PM0065,Instalação de bacias de contenção,EPI de escavação (respiradores e luvas anti-corte) em falta — compra emergencial realizada.,PROERG
BL006,2026-08-05,EQ01,CLIMÁTICO,BAIXO,24,NÃO,PM0001,Monitoramento de câmeras-trap,Seca extrema alterou comportamento da fauna — câmeras realocadas para pontos d'água.,PROERG
BL007,2026-08-06,EQ03,LOGÍSTICO,ALTO,64,SIM,PM0033,Batimetria e erosão marginal,Embarcação com defeito — manutenção durou 8 dias; batimetria parcialmente realizada por terra.,PROERG
BL008,2026-08-08,EQ06,INSTITUCIONAL,BAIXO,8,NÃO,PM0065,Prog. ambiental em escolas,Escola comunicou recesso escolar antecipado de inverno — atividade remarcada para setembro.,PROERG
BL009,2026-08-10,EQ02,CLIMÁTICO,ALTO,48,SIM,PM0017,Controle de exóticas invasoras,Foco de incêndio limítrofe à área de trabalho — equipe retirada por 6 dias. Área interditada.,PROERG
BL010,2026-08-20,EQ04,LOGÍSTICO,ALTO,56,SIM,PM0049,Plantio de mudas nativas,Viveiro municipal com atraso de 30 dias na entrega de 2000 mudas — plantio suspenso.,PROERG
