colaborador_id,nome,equipe_id,funcao,cargo,perfil,status,origem_dado
COL001,Ana Paula Ferreira,EQ01,Monitoramento de Fauna,Biólogo(a),Sênior,ATIVO,PROERG
COL002,Amanda Costa,EQ01,Coleta e análise de dados,Técnico(a) Ambiental,Pleno,ATIVO,PROERG
COL003,Felipe Cardoso,EQ01,Suporte de campo,Assistente de Campo,Júnior,ATIVO,PROERG
COL004,Daniel Nascimento,EQ01,Monitoramento de Fauna,Biólogo(a),Sênior,ATIVO,PROERG
COL005,Leonardo Ferreira,EQ01,Coleta e análise de dados,Técnico(a) Ambiental,Pleno,ATIVO,PROERG
COL006,Priscila Costa,EQ01,Suporte de campo,Assistente de Campo,Júnior,ATIVO,PROERG
COL007,Natalia Cardoso,EQ01,Monitoramento de Fauna,Biólogo(a),Sênior,ATIVO,PROERG
COL008,Rosana Campos,EQ01,Coleta e análise de dados,Técnico(a) Ambiental,Pleno,ATIVO,PROERG
COL009,Lucas Barbosa,EQ01,Suporte de campo,Assistente de Campo,Júnior,ATIVO,PROERG
COL010,Marcelo Santos,EQ01,Monitoramento de Fauna,Biólogo(a),Sênior,ATIVO,PROERG
COL011,Felipe Oliveira,EQ01,Coleta e análise de dados,Técnico(a) Ambiental,Pleno,ATIVO,PROERG
COL012,Rodrigo Nascimento,EQ01,Suporte de campo,Assistente de Campo,Júnior,ATIVO,PROERG
COL013,Fernanda Figueiredo,EQ01,Monitoramento de Fauna,Biólogo(a),Sênior,ATIVO,PROERG
COL014,Felipe Campos,EQ01,Coleta e análise de dados,Técnico(a) Ambiental,Pleno,ATIVO,PROERG
COL015,Eduardo Pinto,EQ01,Suporte de campo,Assistente de Campo,Júnior,ATIVO,PROERG
COL016,Leticia Pinto,EQ01,Monitoramento de Fauna,Biólogo(a),Sênior,ATIVO,PROERG
COL017,Patricia Carvalho,EQ01,Coleta e análise de dados,Técnico(a) Ambiental,Pleno,ATIVO,PROERG
COL018,Leonardo Gomes,EQ01,Suporte de campo,Assistente de Campo,Júnior,ATIVO,PROERG
COL019,Ricardo Mendes,EQ02,Inventário florestal,Engenheiro(a) Florestal,Sênior,ATIVO,PROERG
COL020,Beatriz Lima,EQ02,Controle de vegetação,Técnico(a) Florestal,Pleno,ATIVO,PROERG
COL021,Vanessa Correia,EQ02,Suporte de campo,Assistente de Campo,Júnior,ATIVO,PROERG
COL022,Carlos Moura,EQ02,Inventário florestal,Engenheiro(a) Florestal,Sênior,ATIVO,PROERG
COL023,Vanessa Pereira,EQ02,Controle de vegetação,Técnico(a) Florestal,Pleno,ATIVO,PROERG
COL024,Renata Carvalho,EQ02,Suporte de campo,Assistente de Campo,Júnior,ATIVO,PROERG
COL025,Renato Lima,EQ02,Inventário florestal,Engenheiro(a) Florestal,Sênior,ATIVO,PROERG
COL026,Gustavo Alves,EQ02,Controle de vegetação,Técnico(a) Florestal,Pleno,ATIVO,PROERG
COL027,Aline Araujo,EQ02,Suporte de campo,Assistente de Campo,Júnior,ATIVO,PROERG
COL028,Pedro Oliveira,EQ02,Inventário florestal,Engenheiro(a) Florestal,Sênior,ATIVO,PROERG
COL029,Fernando Costa,EQ02,Controle de vegetação,Técnico(a) Florestal,Pleno,ATIVO,PROERG
COL030,Sérgio Correia,EQ02,Suporte de campo,Assistente de Campo,Júnior,ATIVO,PROERG
COL031,Sérgio Figueiredo,EQ02,Inventário florestal,Engenheiro(a) Florestal,Sênior,ATIVO,PROERG
COL032,Vinicius Cunha,EQ02,Controle de vegetação,Técnico(a) Florestal,Pleno,ATIVO,PROERG
COL033,André Cardoso,EQ02,Suporte de campo,Assistente de Campo,Júnior,ATIVO,PROERG
COL034,Cláudio Campos,EQ02,Inventário florestal,Engenheiro(a) Florestal,Sênior,ATIVO,PROERG
COL035,Diego Dias,EQ02,Controle de vegetação,Técnico(a) Florestal,Pleno,ATIVO,PROERG
COL036,Fernando Oliveira,EQ02,Suporte de campo,Assistente de Campo,Júnior,ATIVO,PROERG
COL037,Camila Souza,EQ02,Inventário florestal,Engenheiro(a) Florestal,Sênior,ATIVO,PROERG
COL038,Luciana Mendes,EQ02,Controle de vegetação,Técnico(a) Florestal,Pleno,ATIVO,PROERG
COL039,Camila Torres,EQ03,Amostragem hídrica,Biólogo(a),Sênior,ATIVO,PROERG
COL040,Carla Vieira,EQ03,Análise laboratorial,Técnico(a) em Saneamento,Pleno,ATIVO,PROERG
COL041,Tatiana Rodrigues,EQ03,Suporte de campo,Assistente de Campo,Júnior,ATIVO,PROERG
COL042,Larissa Alves,EQ03,Amostragem hídrica,Biólogo(a),Sênior,ATIVO,PROERG
COL043,Sandra Oliveira,EQ03,Análise laboratorial,Técnico(a) em Saneamento,Pleno,ATIVO,PROERG
COL044,André Borges,EQ03,Suporte de campo,Assistente de Campo,Júnior,ATIVO,PROERG
COL045,Leonardo Moura,EQ03,Amostragem hídrica,Biólogo(a),Sênior,ATIVO,PROERG
COL046,Mateus Oliveira,EQ03,Análise laboratorial,Técnico(a) em Saneamento,Pleno,ATIVO,PROERG
COL047,Simone Nascimento,EQ03,Suporte de campo,Assistente de Campo,Júnior,ATIVO,PROERG
COL048,Tatiana Costa,EQ03,Amostragem hídrica,Biólogo(a),Sênior,ATIVO,PROERG
COL049,Fernando Lima,EQ03,Análise laboratorial,Técnico(a) em Saneamento,Pleno,ATIVO,PROERG
COL050,Cláudio Mendes,EQ03,Suporte de campo,Assistente de Campo,Júnior,ATIVO,PROERG
COL051,Luciana Rodrigues,EQ03,Amostragem hídrica,Biólogo(a),Sênior,ATIVO,PROERG
COL052,Bruno Rodrigues,EQ03,Análise laboratorial,Técnico(a) em Saneamento,Pleno,ATIVO,PROERG
COL053,Sérgio Alves,EQ03,Suporte de campo,Assistente de Campo,Júnior,ATIVO,PROERG
COL054,Isabela Lima,EQ03,Amostragem hídrica,Biólogo(a),Sênior,ATIVO,PROERG
COL055,Renata Dias,EQ03,Análise laboratorial,Técnico(a) em Saneamento,Pleno,ATIVO,PROERG
COL056,Fábio Leal,EQ04,Plantio e restauração,Engenheiro(a) Agronômico(a),Sênior,ATIVO,PROERG
COL057,Natalia Mendes,EQ04,Manejo de mudas,Técnico(a) Agroflorestal,Pleno,ATIVO,PROERG
COL058,Marcos Figueiredo,EQ04,Suporte de campo,Assistente de Campo,Júnior,ATIVO,PROERG
COL059,Amanda Pereira,EQ04,Plantio e restauração,Engenheiro(a) Agronômico(a),Sênior,ATIVO,PROERG
COL060,Patricia Cardoso,EQ04,Manejo de mudas,Técnico(a) Agroflorestal,Pleno,ATIVO,PROERG
COL061,Thiago Pereira,EQ04,Suporte de campo,Assistente de Campo,Júnior,ATIVO,PROERG
COL062,Cláudio Martins,EQ04,Plantio e restauração,Engenheiro(a) Agronômico(a),Sênior,ATIVO,PROERG
COL063,Daniel Dias,EQ04,Manejo de mudas,Técnico(a) Agroflorestal,Pleno,ATIVO,PROERG
COL064,Amanda Pinto,EQ04,Suporte de campo,Assistente de Campo,Júnior,ATIVO,PROERG
COL065,Camila Nascimento,EQ04,Plantio e restauração,Engenheiro(a) Agronômico(a),Sênior,ATIVO,PROERG
COL066,Natalia Araujo,EQ04,Manejo de mudas,Técnico(a) Agroflorestal,Pleno,ATIVO,PROERG
COL067,Luciana Moura,EQ04,Suporte de campo,Assistente de Campo,Júnior,ATIVO,PROERG
COL068,Debora Santos,EQ04,Plantio e restauração,Engenheiro(a) Agronômico(a),Sênior,ATIVO,PROERG
COL069,Leonardo Machado,EQ04,Manejo de mudas,Técnico(a) Agroflorestal,Pleno,ATIVO,PROERG
COL070,André Cunha,EQ04,Suporte de campo,Assistente de Campo,Júnior,ATIVO,PROERG
COL071,Alexandre Martins,EQ04,Plantio e restauração,Engenheiro(a) Agronômico(a),Sênior,ATIVO,PROERG
COL072,Daniel Oliveira,EQ04,Manejo de mudas,Técnico(a) Agroflorestal,Pleno,ATIVO,PROERG
COL073,Rodrigo Dias,EQ04,Suporte de campo,Assistente de Campo,Júnior,ATIVO,PROERG
COL074,Larissa Vieira,EQ04,Plantio e restauração,Engenheiro(a) Agronômico(a),Sênior,ATIVO,PROERG
COL075,Sandra Araujo,EQ04,Manejo de mudas,Técnico(a) Agroflorestal,Pleno,ATIVO,PROERG
COL076,Rodrigo Mendes,EQ04,Suporte de campo,Assistente de Campo,Júnior,ATIVO,PROERG
COL077,Mariana Martins,EQ04,Plantio e restauração,Engenheiro(a) Agronômico(a),Sênior,ATIVO,PROERG
COL078,Juliana Costa,EQ05,Obras de contenção,Engenheiro(a) Civil,Sênior,ATIVO,PROERG
COL079,Eliana Dias,EQ05,Georreferenciamento,Técnico(a) em Geotecnia,Pleno,ATIVO,PROERG
COL080,Leticia Gomes,EQ05,Suporte de campo,Assistente de Campo,Júnior,ATIVO,PROERG
COL081,Gustavo Lima,EQ05,Obras de contenção,Engenheiro(a) Civil,Sênior,ATIVO,PROERG
COL082,Rafael Nascimento,EQ05,Georreferenciamento,Técnico(a) em Geotecnia,Pleno,ATIVO,PROERG
COL083,Priscila Campos,EQ05,Suporte de campo,Assistente de Campo,Júnior,ATIVO,PROERG
COL084,Patricia Lima,EQ05,Obras de contenção,Engenheiro(a) Civil,Sênior,ATIVO,PROERG
COL085,Priscila Barbosa,EQ05,Georreferenciamento,Técnico(a) em Geotecnia,Pleno,ATIVO,PROERG
COL086,Marcelo Vieira,EQ05,Suporte de campo,Assistente de Campo,Júnior,ATIVO,PROERG
COL087,Beatriz Martins,EQ05,Obras de contenção,Engenheiro(a) Civil,Sênior,ATIVO,PROERG
COL088,Paulo Nascimento,EQ05,Georreferenciamento,Técnico(a) em Geotecnia,Pleno,ATIVO,PROERG
COL089,Rafael Castro,EQ05,Suporte de campo,Assistente de Campo,Júnior,ATIVO,PROERG
COL090,Mariana Oliveira,EQ05,Obras de contenção,Engenheiro(a) Civil,Sênior,ATIVO,PROERG
COL091,Aline Santos,EQ05,Georreferenciamento,Técnico(a) em Geotecnia,Pleno,ATIVO,PROERG
COL092,Tatiana Costa,EQ05,Suporte de campo,Assistente de Campo,Júnior,ATIVO,PROERG
COL093,Gustavo Mendes,EQ05,Obras de contenção,Engenheiro(a) Civil,Sênior,ATIVO,PROERG
COL094,Bruno Cunha,EQ05,Georreferenciamento,Técnico(a) em Geotecnia,Pleno,ATIVO,PROERG
COL095,Natalia Carvalho,EQ05,Suporte de campo,Assistente de Campo,Júnior,ATIVO,PROERG
COL096,Thaís Oliveira,EQ05,Obras de contenção,Engenheiro(a) Civil,Sênior,ATIVO,PROERG
COL097,Marcos Ribeiro,EQ06,Educação ambiental,Educador(a) Ambiental,Sênior,ATIVO,PROERG
COL098,Fernando Martins,EQ06,Comunicação e mídia,Comunicador(a),Pleno,ATIVO,PROERG
COL099,Thaís Gomes,EQ06,Suporte administrativo,Assistente Administrativo(a),Júnior,ATIVO,PROERG
COL100,Juliana Lima,EQ06,Educação ambiental,Educador(a) Ambiental,Sênior,ATIVO,PROERG
COL101,Camila Correia,EQ06,Comunicação e mídia,Comunicador(a),Pleno,ATIVO,PROERG
COL102,Carlos Borges,EQ06,Suporte administrativo,Assistente Administrativo(a),Júnior,ATIVO,PROERG
COL103,Cristina Costa,EQ06,Educação ambiental,Educador(a) Ambiental,Sênior,ATIVO,PROERG
COL104,Natalia Vieira,EQ06,Comunicação e mídia,Comunicador(a),Pleno,ATIVO,PROERG
COL105,Patricia Moura,EQ06,Suporte administrativo,Assistente Administrativo(a),Júnior,ATIVO,PROERG
COL106,Daniel Moura,EQ06,Educação ambiental,Educador(a) Ambiental,Sênior,ATIVO,PROERG
COL107,Leticia Araujo,EQ06,Comunicação e mídia,Comunicador(a),Pleno,ATIVO,PROERG
COL108,Diego Souza,EQ06,Suporte administrativo,Assistente Administrativo(a),Júnior,ATIVO,PROERG
COL109,Marcelo Pereira,EQ06,Educação ambiental,Educador(a) Ambiental,Sênior,ATIVO,PROERG
COL110,Cláudio Silva,EQ06,Comunicação e mídia,Comunicador(a),Pleno,ATIVO,PROERG
COL111,Cristina Vieira,EQ06,Suporte administrativo,Assistente Administrativo(a),Júnior,ATIVO,PROERG
COL112,Cristina Lima,EQ06,Educação ambiental,Educador(a) Ambiental,Sênior,ATIVO,PROERG
COL113,Fernanda Moura,EQ06,Comunicação e mídia,Comunicador(a),Pleno,ATIVO,PROERG
COL114,Henrique Castro,EQ06,Suporte administrativo,Assistente Administrativo(a),Júnior,ATIVO,PROERG
COL115,Viviane Costa,EQ06,Educação ambiental,Educador(a) Ambiental,Sênior,ATIVO,PROERG
