demanda_id,data,equipe_id,lider_tecnico,atividade_id,atividade_sugerida,descricao,prioridade,status,latitude,longitude,origem_dado
DNP0001,2026-01-06,EQ01,Líder Técnico 01,AT002,Roçada manual seletiva,Demanda extraordinária simulada relacionada a roçada manual seletiva.,MÉDIA,EM ANDAMENTO,-25.549000,-54.588000,SIMULADO
DNP0002,2026-02-09,EQ02,Líder Técnico 02,AT007,Controle de plantas invasoras,Demanda extraordinária simulada relacionada a controle de plantas invasoras.,ALTA,ABERTA,-25.548000,-54.586000,SIMULADO
DNP0003,2026-03-12,EQ03,Líder Técnico 03,AT012,Beneficiamento de sementes e organização de viveiro,Demanda extraordinária simulada relacionada a beneficiamento de sementes e organização de viveiro.,BAIXA,CONCLUÍDA,-25.547000,-54.584000,SIMULADO
DNP0004,2026-04-15,EQ04,Líder Técnico 04,AT013,Produção de hortaliças,Demanda extraordinária simulada relacionada a produção de hortaliças.,MÉDIA,EM ANDAMENTO,-25.546000,-54.582000,SIMULADO
DNP0005,2026-05-18,EQ05,Líder Técnico 05,AT018,Coroamento e manutenção de plantios,Demanda extraordinária simulada relacionada a coroamento e manutenção de plantios.,ALTA,ABERTA,-25.545000,-54.580000,SIMULADO
DNP0006,2026-06-21,EQ06,Líder Técnico 06,AT023,Inspeção de equipamentos de combate,Demanda extraordinária simulada relacionada a inspeção de equipamentos de combate.,BAIXA,CONCLUÍDA,-25.544000,-54.578000,SIMULADO
DNP0007,2026-07-24,EQ01,Líder Técnico 01,AT004,Manutenção de sinalização e organização operacional,Demanda extraordinária simulada relacionada a manutenção de sinalização e organização operacional.,MÉDIA,EM ANDAMENTO,-25.543000,-54.576000,SIMULADO
DNP0008,2026-08-03,EQ02,Líder Técnico 02,AT005,Corte de gramado e acabamento,Demanda extraordinária simulada relacionada a corte de gramado e acabamento.,ALTA,ABERTA,-25.542000,-54.574000,SIMULADO
DNP0009,2026-09-06,EQ03,Líder Técnico 03,AT010,Repicagem e rustificação de mudas,Demanda extraordinária simulada relacionada a repicagem e rustificação de mudas.,BAIXA,CONCLUÍDA,-25.541000,-54.572000,SIMULADO
DNP0010,2026-01-09,EQ04,Líder Técnico 04,AT015,Transplante e renovação de canteiros,Demanda extraordinária simulada relacionada a transplante e renovação de canteiros.,MÉDIA,EM ANDAMENTO,-25.540000,-54.570000,SIMULADO
DNP0011,2026-02-12,EQ05,Líder Técnico 05,AT020,Preparo de insumos e manutenção de ferramentas,Demanda extraordinária simulada relacionada a preparo de insumos e manutenção de ferramentas.,ALTA,ABERTA,-25.539000,-54.589000,SIMULADO
DNP0012,2026-03-15,EQ06,Líder Técnico 06,AT021,Aceiro preventivo,Demanda extraordinária simulada relacionada a aceiro preventivo.,BAIXA,CONCLUÍDA,-25.538000,-54.587000,SIMULADO
DNP0013,2026-04-18,EQ01,Líder Técnico 01,AT002,Roçada manual seletiva,Demanda extraordinária simulada relacionada a roçada manual seletiva.,MÉDIA,EM ANDAMENTO,-25.537000,-54.585000,SIMULADO
DNP0014,2026-05-21,EQ02,Líder Técnico 02,AT007,Controle de plantas invasoras,Demanda extraordinária simulada relacionada a controle de plantas invasoras.,ALTA,ABERTA,-25.536000,-54.583000,SIMULADO
DNP0015,2026-06-24,EQ03,Líder Técnico 03,AT012,Beneficiamento de sementes e organização de viveiro,Demanda extraordinária simulada relacionada a beneficiamento de sementes e organização de viveiro.,BAIXA,CONCLUÍDA,-25.535000,-54.581000,SIMULADO
DNP0016,2026-07-03,EQ04,Líder Técnico 04,AT013,Produção de hortaliças,Demanda extraordinária simulada relacionada a produção de hortaliças.,MÉDIA,EM ANDAMENTO,-25.534000,-54.579000,SIMULADO
DNP0017,2026-08-06,EQ05,Líder Técnico 05,AT018,Coroamento e manutenção de plantios,Demanda extraordinária simulada relacionada a coroamento e manutenção de plantios.,ALTA,ABERTA,-25.533000,-54.577000,SIMULADO
DNP0018,2026-09-09,EQ06,Líder Técnico 06,AT023,Inspeção de equipamentos de combate,Demanda extraordinária simulada relacionada a inspeção de equipamentos de combate.,BAIXA,CONCLUÍDA,-25.532000,-54.575000,SIMULADO
DNP0019,2026-01-12,EQ01,Líder Técnico 01,AT004,Manutenção de sinalização e organização operacional,Demanda extraordinária simulada relacionada a manutenção de sinalização e organização operacional.,MÉDIA,EM ANDAMENTO,-25.531000,-54.573000,SIMULADO
DNP0020,2026-02-15,EQ02,Líder Técnico 02,AT005,Corte de gramado e acabamento,Demanda extraordinária simulada relacionada a corte de gramado e acabamento.,ALTA,ABERTA,-25.530000,-54.571000,SIMULADO
DNP0021,2026-03-18,EQ03,Líder Técnico 03,AT010,Repicagem e rustificação de mudas,Demanda extraordinária simulada relacionada a repicagem e rustificação de mudas.,BAIXA,CONCLUÍDA,-25.550000,-54.590000,SIMULADO
DNP0022,2026-04-21,EQ04,Líder Técnico 04,AT015,Transplante e renovação de canteiros,Demanda extraordinária simulada relacionada a transplante e renovação de canteiros.,MÉDIA,EM ANDAMENTO,-25.549000,-54.588000,SIMULADO
DNP0023,2026-05-24,EQ05,Líder Técnico 05,AT020,Preparo de insumos e manutenção de ferramentas,Demanda extraordinária simulada relacionada a preparo de insumos e manutenção de ferramentas.,ALTA,ABERTA,-25.548000,-54.586000,SIMULADO
DNP0024,2026-06-03,EQ06,Líder Técnico 06,AT021,Aceiro preventivo,Demanda extraordinária simulada relacionada a aceiro preventivo.,BAIXA,CONCLUÍDA,-25.547000,-54.584000,SIMULADO
DNP0025,2026-07-06,EQ01,Líder Técnico 01,AT002,Roçada manual seletiva,Demanda extraordinária simulada relacionada a roçada manual seletiva.,MÉDIA,EM ANDAMENTO,-25.546000,-54.582000,SIMULADO
DNP0026,2026-08-09,EQ02,Líder Técnico 02,AT007,Controle de plantas invasoras,Demanda extraordinária simulada relacionada a controle de plantas invasoras.,ALTA,ABERTA,-25.545000,-54.580000,SIMULADO
DNP0027,2026-09-12,EQ03,Líder Técnico 03,AT012,Beneficiamento de sementes e organização de viveiro,Demanda extraordinária simulada relacionada a beneficiamento de sementes e organização de viveiro.,BAIXA,CONCLUÍDA,-25.544000,-54.578000,SIMULADO
DNP0028,2026-01-15,EQ04,Líder Técnico 04,AT013,Produção de hortaliças,Demanda extraordinária simulada relacionada a produção de hortaliças.,MÉDIA,EM ANDAMENTO,-25.543000,-54.576000,SIMULADO
DNP0029,2026-02-18,EQ05,Líder Técnico 05,AT018,Coroamento e manutenção de plantios,Demanda extraordinária simulada relacionada a coroamento e manutenção de plantios.,ALTA,ABERTA,-25.542000,-54.574000,SIMULADO
DNP0030,2026-03-21,EQ06,Líder Técnico 06,AT023,Inspeção de equipamentos de combate,Demanda extraordinária simulada relacionada a inspeção de equipamentos de combate.,BAIXA,CONCLUÍDA,-25.541000,-54.572000,SIMULADO
DNP0031,2026-09-03,EQ01,Líder Técnico 01,AT001,Roçada mecanizada em faixa,Atendimento extraordinário em trecho com vegetação acima do padrão.,ALTA,ABERTA,-25.552000,-54.585000,SIMULADO
DNP0032,2026-09-17,EQ01,Líder Técnico 01,AT003,Inspeção de faixa e pontos críticos,Vistoria extraordinária solicitada após ocorrência operacional.,MÉDIA,CONCLUÍDA,-25.548000,-54.581000,SIMULADO
DNP0033,2026-09-08,EQ02,Líder Técnico 02,AT008,Manutenção leve de jardins e mobiliário verde,Apoio extraordinário em área de circulação institucional.,BAIXA,CONCLUÍDA,-25.544000,-54.575000,SIMULADO
DNP0034,2026-09-04,EQ03,Líder Técnico 03,AT009,Produção de mudas florestais,Demanda adicional de mudas para atendimento prioritário.,ALTA,ABERTA,-25.539000,-54.579000,SIMULADO
DNP0035,2026-09-19,EQ03,Líder Técnico 03,AT010,Repicagem e rustificação de mudas,Reforço emergencial de lote com necessidade de manejo.,MÉDIA,EM ANDAMENTO,-25.535000,-54.574000,SIMULADO
DNP0036,2026-09-02,EQ04,Líder Técnico 04,AT013,Produção de hortaliças,Atendimento urgente de produção para evento institucional.,CRÍTICA,ABERTA,-25.551000,-54.568000,SIMULADO
DNP0037,2026-09-10,EQ04,Líder Técnico 04,AT014,Manejo de vasos ornamentais,Demanda extraordinária de ornamentação em área institucional.,ALTA,ABERTA,-25.547000,-54.564000,SIMULADO
DNP0038,2026-09-23,EQ04,Líder Técnico 04,AT016,Preparação de substrato e manutenção interna,Ajuste pontual de estrutura e insumos do viveiro.,MÉDIA,CONCLUÍDA,-25.543000,-54.560000,SIMULADO
DNP0039,2026-09-01,EQ05,Líder Técnico 05,AT017,Plantio florestal,Plantio extraordinário em área definida como prioritária.,CRÍTICA,ABERTA,-25.537000,-54.592000,SIMULADO
DNP0040,2026-09-07,EQ05,Líder Técnico 05,AT018,Coroamento e manutenção de plantios,Manutenção emergencial em área com competição vegetal elevada.,ALTA,ABERTA,-25.533000,-54.588000,SIMULADO
DNP0041,2026-09-14,EQ05,Líder Técnico 05,AT019,Controle de invasoras em área florestal,Controle extraordinário após identificação de foco prioritário.,ALTA,EM ANDAMENTO,-25.529000,-54.584000,SIMULADO
DNP0042,2026-09-25,EQ05,Líder Técnico 05,AT020,Preparo de insumos e manutenção de ferramentas,Apoio adicional de preparação para frente extraordinária.,BAIXA,CONCLUÍDA,-25.525000,-54.580000,SIMULADO
DNP0043,2026-09-05,EQ06,Líder Técnico 06,AT021,Aceiro preventivo,Abertura extraordinária de aceiro em área com aumento de risco.,ALTA,ABERTA,-25.550000,-54.596000,SIMULADO
DNP0044,2026-09-21,EQ06,Líder Técnico 06,AT023,Inspeção de equipamentos de combate,Verificação adicional de equipamentos após acionamento preventivo.,MÉDIA,EM ANDAMENTO,-25.546000,-54.590000,SIMULADO
