execucao_id,data,equipe_id,lider_tecnico,atividade_id,atividade,unidade,quantidade_executada,status_execucao,bloqueador,local_referencia,latitude,longitude,origem_dado
EX0001,2026-01-11,EQ01,Ana Paula Ferreira,AT001,Monitoramento de avifauna (transecto),h,40,PARCIAL,Chuva forte — janelas restritas,Bacia de contenção BC-07 — área industrial,-25.44,-54.58,PROERG
EX0002,2026-01-12,EQ01,Ana Paula Ferreira,AT002,Monitoramento de mastofauna e câmeras-trap,h,30,PARCIAL,Chuva impede acesso às câmeras-trap,Voçoroca da Estrada Velha — PR-495,-25.495,-54.585,PROERG
EX0003,2026-01-07,EQ03,Camila Torres,AT009,Monitoramento de qualidade da água,h,60,CONCLUÍDO,,Reflorestamento Eixo Leste — talhão 3,-25.52,-54.63,PROERG
EX0004,2026-01-21,EQ03,Camila Torres,AT010,Controle de macrófitas aquáticas,ha,4,CONCLUÍDO,,Bacia de contenção BC-07 — área industrial,-25.505,-54.6,PROERG
EX0005,2026-01-24,EQ04,Fábio Leal,AT014,Restauração de APP e recuperação de nascentes,ha,3,CONCLUÍDO,,Fazenda São Cristóvão — área A,-25.43,-54.6,PROERG
EX0006,2026-02-18,EQ01,Ana Paula Ferreira,AT001,Monitoramento de avifauna (transecto),h,40,PARCIAL,Chuvas intensas — saídas limitadas,Escola Municipal Carlos Drumond — Santa Helena,-25.5,-54.605,PROERG
EX0007,2026-02-11,EQ01,Ana Paula Ferreira,AT002,Monitoramento de mastofauna e câmeras-trap,h,30,PARCIAL,Trilhas alagadas,Nascente N-14 — APP prioritária,-25.495,-54.585,PROERG
EX0008,2026-02-11,EQ03,Camila Torres,AT009,Monitoramento de qualidade da água,h,60,CONCLUÍDO,,Bacia de contenção BC-07 — área industrial,-25.53,-54.59,PROERG
EX0009,2026-02-10,EQ03,Camila Torres,AT010,Controle de macrófitas aquáticas,ha,4,CONCLUÍDO,,Viveiro municipal — recebimento mudas,-25.48,-54.58,PROERG
EX0010,2026-02-07,EQ04,Fábio Leal,AT014,Restauração de APP e recuperação de nascentes,ha,3,CONCLUÍDO,,Zona ripária Itacorá,-25.515,-54.62,PROERG
EX0011,2026-02-20,EQ06,Marcos Ribeiro,AT021,Programa ambiental em escolas da BP3,escola,4,CONCLUÍDO,,Fazenda São Cristóvão — área A,-25.485,-54.575,PROERG
EX0012,2026-02-06,EQ06,Marcos Ribeiro,AT022,Trilhas interpretativas e visitas guiadas,participante,50,PARCIAL,Chuvas — algumas trilhas canceladas,Bacia de contenção BC-07 — área industrial,-25.475,-54.615,PROERG
EX0013,2026-03-05,EQ02,Ricardo Mendes,AT005,Inventário florestal e fitossociologia,ha,2,PARCIAL,Chuvas moderadas — janelas aproveitadas,Área de coleta sementes AC-02,-25.505,-54.6,PROERG
EX0014,2026-03-16,EQ02,Ricardo Mendes,AT006,Controle de espécies exóticas invasoras,ha,4,PARCIAL,Chuvas moderadas,Escola Municipal Carlos Drumond — Santa Helena,-25.46,-54.61,PROERG
EX0015,2026-03-19,EQ03,Camila Torres,AT009,Monitoramento de qualidade da água,h,60,CONCLUÍDO,,Fazenda São Cristóvão — área A,-25.43,-54.6,PROERG
EX0016,2026-03-24,EQ03,Camila Torres,AT010,Controle de macrófitas aquáticas,ha,4,CONCLUÍDO,,Escola Municipal Carlos Drumond — Santa Helena,-25.485,-54.575,PROERG
EX0017,2026-03-16,EQ04,Fábio Leal,AT013,Plantio de mudas nativas,mudas,250,PARCIAL,Chuvas moderadas — metade do plantio realizado,APP Rio Ocoí — km 12,-25.47,-54.595,PROERG
EX0018,2026-03-10,EQ04,Fábio Leal,AT014,Restauração de APP e recuperação de nascentes,ha,3,CONCLUÍDO,,Escola Municipal Carlos Drumond — Santa Helena,-25.48,-54.58,PROERG
EX0019,2026-03-10,EQ05,Juliana Costa,AT017,Controle de voçorocas e erosão,m³,100,PARCIAL,Chuvas moderadas — obras parciais,Ponto de câmera-trap CT-09,-25.47,-54.595,PROERG
EX0020,2026-03-06,EQ05,Juliana Costa,AT018,Instalação de bacias de contenção,un,2,PARCIAL,Chuvas moderadas,Voçoroca da Estrada Velha — PR-495,-25.485,-54.575,PROERG
EX0021,2026-03-10,EQ06,Marcos Ribeiro,AT021,Programa ambiental em escolas da BP3,escola,4,CONCLUÍDO,,Margem direita reservatório — setor norte,-25.468,-54.605,PROERG
EX0022,2026-03-07,EQ06,Marcos Ribeiro,AT022,Trilhas interpretativas e visitas guiadas,participante,100,CONCLUÍDO,,Focos erosivos margem sul,-25.5,-54.605,PROERG
EX0023,2026-04-09,EQ01,Ana Paula Ferreira,AT001,Monitoramento de avifauna (transecto),h,80,CONCLUÍDO,,Fazenda São Cristóvão — área A,-25.46,-54.61,PROERG
EX0024,2026-04-05,EQ01,Ana Paula Ferreira,AT002,Monitoramento de mastofauna e câmeras-trap,h,60,CONCLUÍDO,,Ponto de câmera-trap CT-09,-25.49,-54.565,PROERG
EX0025,2026-04-09,EQ02,Ricardo Mendes,AT005,Inventário florestal e fitossociologia,ha,2,PARCIAL,Veículo quebrado — logística comprometida,Zona ripária Itacorá,-25.44,-54.58,PROERG
EX0026,2026-04-11,EQ02,Ricardo Mendes,AT006,Controle de espécies exóticas invasoras,ha,8,CONCLUÍDO,,Bacia de contenção BC-07 — área industrial,-25.485,-54.575,PROERG
EX0027,2026-04-19,EQ03,Camila Torres,AT009,Monitoramento de qualidade da água,h,60,CONCLUÍDO,,Escola Municipal Carlos Drumond — Santa Helena,-25.435,-54.61,PROERG
EX0028,2026-04-17,EQ03,Camila Torres,AT010,Controle de macrófitas aquáticas,ha,4,CONCLUÍDO,,Área de coleta sementes AC-02,-25.505,-54.6,PROERG
EX0029,2026-04-20,EQ04,Fábio Leal,AT014,Restauração de APP e recuperação de nascentes,ha,3,CONCLUÍDO,,Lago de Itaipu — setor leste,-25.48,-54.58,PROERG
EX0030,2026-04-24,EQ05,Juliana Costa,AT017,Controle de voçorocas e erosão,m³,200,CONCLUÍDO,,Reflorestamento Eixo Leste — talhão 3,-25.435,-54.61,PROERG
EX0031,2026-04-18,EQ05,Juliana Costa,AT018,Instalação de bacias de contenção,un,5,CONCLUÍDO,,Ponto de câmera-trap CT-09,-25.48,-54.58,PROERG
EX0032,2026-04-08,EQ06,Marcos Ribeiro,AT021,Programa ambiental em escolas da BP3,escola,4,CONCLUÍDO,,Fazenda São Cristóvão — área B,-25.468,-54.605,PROERG
EX0033,2026-04-10,EQ06,Marcos Ribeiro,AT022,Trilhas interpretativas e visitas guiadas,participante,100,CONCLUÍDO,,Talude Rodovia PR-182 — km 8,-25.48,-54.58,PROERG
EX0034,2026-05-09,EQ01,Ana Paula Ferreira,AT001,Monitoramento de avifauna (transecto),h,80,CONCLUÍDO,,Focos erosivos margem sul,-25.492,-54.62,PROERG
EX0035,2026-05-15,EQ01,Ana Paula Ferreira,AT002,Monitoramento de mastofauna e câmeras-trap,h,60,CONCLUÍDO,,Área de coleta sementes AC-02,-25.51,-54.57,PROERG
EX0036,2026-05-13,EQ02,Ricardo Mendes,AT005,Inventário florestal e fitossociologia,ha,5,CONCLUÍDO,,Trilha Ecológica Bela Vista — Guaíra,-25.5,-54.605,PROERG
EX0037,2026-05-10,EQ02,Ricardo Mendes,AT006,Controle de espécies exóticas invasoras,ha,8,CONCLUÍDO,,Lago de Itaipu — setor leste,-25.468,-54.605,PROERG
EX0038,2026-05-14,EQ03,Camila Torres,AT010,Controle de macrófitas aquáticas,ha,4,CONCLUÍDO,,Escola Estadual Adílio Pipino — Medianeira,-25.452,-54.599,PROERG
EX0039,2026-05-06,EQ04,Fábio Leal,AT014,Restauração de APP e recuperação de nascentes,ha,3,CONCLUÍDO,,Nascente N-14 — APP prioritária,-25.4082,-54.5882,PROERG
EX0040,2026-05-17,EQ05,Juliana Costa,AT017,Controle de voçorocas e erosão,m³,200,CONCLUÍDO,,Escola Municipal Carlos Drumond — Santa Helena,-25.475,-54.615,PROERG
EX0041,2026-05-17,EQ05,Juliana Costa,AT018,Instalação de bacias de contenção,un,5,CONCLUÍDO,,Zona ripária Itacorá,-25.44,-54.58,PROERG
EX0042,2026-05-16,EQ06,Marcos Ribeiro,AT021,Programa ambiental em escolas da BP3,escola,4,CONCLUÍDO,,Focos erosivos margem sul,-25.44,-54.58,PROERG
EX0043,2026-05-10,EQ06,Marcos Ribeiro,AT022,Trilhas interpretativas e visitas guiadas,participante,100,CONCLUÍDO,,Fazenda São Cristóvão — área A,-25.43,-54.6,PROERG
EX0044,2026-06-17,EQ01,Ana Paula Ferreira,AT001,Monitoramento de avifauna (transecto),h,80,CONCLUÍDO,,Lago de Itaipu — setor leste,-25.435,-54.61,PROERG
EX0045,2026-06-14,EQ01,Ana Paula Ferreira,AT002,Monitoramento de mastofauna e câmeras-trap,h,60,CONCLUÍDO,,Trilha Ecológica Bela Vista — Guaíra,-25.47,-54.595,PROERG
EX0046,2026-06-08,EQ02,Ricardo Mendes,AT005,Inventário florestal e fitossociologia,ha,5,CONCLUÍDO,,Talude Rodovia PR-182 — km 8,-25.52,-54.63,PROERG
EX0047,2026-06-12,EQ02,Ricardo Mendes,AT006,Controle de espécies exóticas invasoras,ha,8,CONCLUÍDO,,Escola Municipal Carlos Drumond — Santa Helena,-25.475,-54.615,PROERG
EX0048,2026-06-19,EQ03,Camila Torres,AT009,Monitoramento de qualidade da água,h,60,CONCLUÍDO,,Talude Rodovia PR-182 — km 8,-25.44,-54.58,PROERG
EX0049,2026-06-18,EQ03,Camila Torres,AT010,Controle de macrófitas aquáticas,ha,2,PARCIAL,Nível baixo — macrófitas retraídas,Viveiro municipal — recebimento mudas,-25.452,-54.599,PROERG
EX0050,2026-06-21,EQ04,Fábio Leal,AT014,Restauração de APP e recuperação de nascentes,ha,3,CONCLUÍDO,,Fazenda São Cristóvão — área A,-25.505,-54.6,PROERG
EX0051,2026-06-20,EQ05,Juliana Costa,AT017,Controle de voçorocas e erosão,m³,200,CONCLUÍDO,,Zona ripária Itacorá,-25.49,-54.565,PROERG
EX0052,2026-06-13,EQ05,Juliana Costa,AT018,Instalação de bacias de contenção,un,5,CONCLUÍDO,,Reflorestamento Eixo Leste — talhão 3,-25.43,-54.6,PROERG
EX0053,2026-06-18,EQ06,Marcos Ribeiro,AT021,Programa ambiental em escolas da BP3,escola,4,CONCLUÍDO,,Talude Rodovia PR-182 — km 8,-25.46,-54.61,PROERG
EX0054,2026-06-14,EQ06,Marcos Ribeiro,AT022,Trilhas interpretativas e visitas guiadas,participante,100,CONCLUÍDO,,Voçoroca da Estrada Velha — PR-495,-25.495,-54.585,PROERG
EX0055,2026-07-24,EQ01,Ana Paula Ferreira,AT001,Monitoramento de avifauna (transecto),h,80,CONCLUÍDO,,Ponto de câmera-trap CT-09,-25.44,-54.58,PROERG
EX0056,2026-07-17,EQ01,Ana Paula Ferreira,AT002,Monitoramento de mastofauna e câmeras-trap,h,60,CONCLUÍDO,,Escola Municipal Carlos Drumond — Santa Helena,-25.47,-54.595,PROERG
EX0057,2026-07-16,EQ02,Ricardo Mendes,AT005,Inventário florestal e fitossociologia,ha,5,CONCLUÍDO,,Escola Municipal Carlos Drumond — Santa Helena,-25.475,-54.615,PROERG
EX0058,2026-07-14,EQ02,Ricardo Mendes,AT006,Controle de espécies exóticas invasoras,ha,8,CONCLUÍDO,,Lago de Itaipu — setor leste,-25.4082,-54.5882,PROERG
EX0059,2026-07-25,EQ03,Camila Torres,AT009,Monitoramento de qualidade da água,h,60,CONCLUÍDO,,Voçoroca da Estrada Velha — PR-495,-25.51,-54.57,PROERG
EX0060,2026-07-12,EQ04,Fábio Leal,AT014,Restauração de APP e recuperação de nascentes,ha,3,CONCLUÍDO,,Focos erosivos margem sul,-25.505,-54.6,PROERG
EX0061,2026-07-17,EQ05,Juliana Costa,AT017,Controle de voçorocas e erosão,m³,200,CONCLUÍDO,,Lago de Itaipu — setor leste,-25.46,-54.61,PROERG
EX0062,2026-07-21,EQ06,Marcos Ribeiro,AT021,Programa ambiental em escolas da BP3,escola,4,CONCLUÍDO,,Fazenda São Cristóvão — área B,-25.4082,-54.5882,PROERG
EX0063,2026-07-05,EQ06,Marcos Ribeiro,AT022,Trilhas interpretativas e visitas guiadas,participante,100,CONCLUÍDO,,Escola Municipal Carlos Drumond — Santa Helena,-25.43,-54.6,PROERG
EX0064,2026-08-10,EQ01,Ana Paula Ferreira,AT001,Monitoramento de avifauna (transecto),h,80,CONCLUÍDO,,Talude Rodovia PR-182 — km 8,-25.485,-54.575,PROERG
EX0065,2026-08-11,EQ02,Ricardo Mendes,AT005,Inventário florestal e fitossociologia,ha,5,CONCLUÍDO,,Viveiro municipal — recebimento mudas,-25.485,-54.575,PROERG
EX0066,2026-08-19,EQ02,Ricardo Mendes,AT006,Controle de espécies exóticas invasoras,ha,4,PARCIAL,Incêndio próximo — área interditada 15 dias,Focos erosivos margem sul,-25.505,-54.6,PROERG
EX0067,2026-08-25,EQ04,Fábio Leal,AT014,Restauração de APP e recuperação de nascentes,ha,3,CONCLUÍDO,,Escola Estadual Adílio Pipino — Medianeira,-25.43,-54.6,PROERG
EX0068,2026-08-14,EQ05,Juliana Costa,AT017,Controle de voçorocas e erosão,m³,200,CONCLUÍDO,,Ponto de câmera-trap CT-09,-25.495,-54.585,PROERG
EX0069,2026-08-08,EQ05,Juliana Costa,AT018,Instalação de bacias de contenção,un,5,CONCLUÍDO,,Margem direita reservatório — setor norte,-25.51,-54.57,PROERG
EX0070,2026-08-23,EQ06,Marcos Ribeiro,AT022,Trilhas interpretativas e visitas guiadas,participante,100,CONCLUÍDO,,Fazenda São Cristóvão — área A,-25.49,-54.565,PROERG
EX0071,2026-09-18,EQ01,Ana Paula Ferreira,AT001,Monitoramento de avifauna (transecto),h,48,EM ANDAMENTO,,APP Rio Ocoí — km 12,-25.435,-54.61,PROERG
EX0072,2026-09-22,EQ01,Ana Paula Ferreira,AT002,Monitoramento de mastofauna e câmeras-trap,h,36,EM ANDAMENTO,,Lago de Itaipu — setor leste,-25.49,-54.565,PROERG
EX0073,2026-09-14,EQ02,Ricardo Mendes,AT005,Inventário florestal e fitossociologia,ha,3,EM ANDAMENTO,,Nascente N-14 — APP prioritária,-25.515,-54.62,PROERG
EX0074,2026-09-17,EQ02,Ricardo Mendes,AT006,Controle de espécies exóticas invasoras,ha,4,EM ANDAMENTO,,Fazenda São Cristóvão — área B,-25.51,-54.57,PROERG
EX0075,2026-09-13,EQ03,Camila Torres,AT009,Monitoramento de qualidade da água,h,36,EM ANDAMENTO,,Voçoroca da Estrada Velha — PR-495,-25.44,-54.58,PROERG
EX0076,2026-09-09,EQ03,Camila Torres,AT010,Controle de macrófitas aquáticas,ha,2,EM ANDAMENTO,,Zona ripária Itacorá,-25.47,-54.595,PROERG
EX0077,2026-09-17,EQ04,Fábio Leal,AT013,Plantio de mudas nativas,mudas,300,EM ANDAMENTO,,Viveiro municipal — recebimento mudas,-25.48,-54.58,PROERG
EX0078,2026-09-10,EQ04,Fábio Leal,AT014,Restauração de APP e recuperação de nascentes,ha,1,EM ANDAMENTO,,Área de coleta sementes AC-02,-25.46,-54.61,PROERG
EX0079,2026-09-11,EQ05,Juliana Costa,AT017,Controle de voçorocas e erosão,m³,120,EM ANDAMENTO,,APP Córrego Guanabara,-25.53,-54.59,PROERG
EX0080,2026-09-23,EQ05,Juliana Costa,AT018,Instalação de bacias de contenção,un,3,EM ANDAMENTO,,Viveiro municipal — recebimento mudas,-25.505,-54.6,PROERG
EX0081,2026-09-20,EQ06,Marcos Ribeiro,AT021,Programa ambiental em escolas da BP3,escola,2,EM ANDAMENTO,,Voçoroca da Estrada Velha — PR-495,-25.44,-54.58,PROERG
EX0082,2026-09-10,EQ06,Marcos Ribeiro,AT022,Trilhas interpretativas e visitas guiadas,participante,60,EM ANDAMENTO,,Setor de amostragem hídrica H-03,-25.515,-54.62,PROERG
