demanda_id,impactou_planejamento,plano_afetado_id,tipo_impacto,horas_desviadas,qtd_planejada_afetada,destino_planejamento,nova_data_prevista,origem_dado
DNP0001,SIM,PLN-2026-01-AT002,ADIAMENTO,2,0.5,REPROGRAMADO,2026-02-06,SIMULADO
DNP0002,SIM,PLN-2026-02-AT007,SUBSTITUIÇÃO,4,1,SUBSTITUÍDO,,SIMULADO
DNP0003,NÃO,,,0,0,,,SIMULADO
DNP0004,SIM,PLN-2026-04-AT013,ADIAMENTO,8,3,REPROGRAMADO,2026-05-09,SIMULADO
DNP0005,SIM,PLN-2026-05-AT018,ADIAMENTO,2,0.5,REPROGRAMADO,2026-06-10,SIMULADO
DNP0006,NÃO,,,0,0,,,SIMULADO
DNP0007,SIM,PLN-2026-07-AT004,EXECUÇÃO PARCIAL,6,2,PARCIAL,,SIMULADO
DNP0008,SIM,PLN-2026-08-AT005,ADIAMENTO,8,3,REPROGRAMADO,2026-09-13,SIMULADO
DNP0009,NÃO,,,0,0,,,SIMULADO
DNP0010,SIM,PLN-2026-01-AT015,SUBSTITUIÇÃO,4,1,SUBSTITUÍDO,,SIMULADO
DNP0011,SIM,PLN-2026-02-AT020,EXECUÇÃO PARCIAL,6,2,PARCIAL,,SIMULADO
DNP0012,NÃO,,,0,0,,,SIMULADO
DNP0013,SIM,PLN-2026-04-AT002,ADIAMENTO,2,0.5,REPROGRAMADO,2026-05-18,SIMULADO
DNP0014,SIM,PLN-2026-05-AT007,SUBSTITUIÇÃO,4,1,SUBSTITUÍDO,,SIMULADO
DNP0015,NÃO,,,0,0,,,SIMULADO
DNP0016,SIM,PLN-2026-07-AT013,ADIAMENTO,8,3,REPROGRAMADO,2026-08-21,SIMULADO
DNP0017,SIM,PLN-2026-08-AT018,ADIAMENTO,2,0.5,REPROGRAMADO,2026-09-22,SIMULADO
DNP0018,NÃO,,,0,0,,,SIMULADO
DNP0019,SIM,PLN-2026-01-AT004,EXECUÇÃO PARCIAL,6,2,PARCIAL,,SIMULADO
DNP0020,SIM,PLN-2026-02-AT005,ADIAMENTO,8,3,REPROGRAMADO,2026-03-05,SIMULADO
DNP0021,NÃO,,,0,0,,,SIMULADO
DNP0022,SIM,PLN-2026-04-AT015,SUBSTITUIÇÃO,4,1,SUBSTITUÍDO,,SIMULADO
DNP0023,SIM,PLN-2026-05-AT020,EXECUÇÃO PARCIAL,6,2,PARCIAL,,SIMULADO
DNP0024,NÃO,,,0,0,,,SIMULADO
DNP0025,SIM,PLN-2026-07-AT002,ADIAMENTO,2,0.5,REPROGRAMADO,2026-08-10,SIMULADO
DNP0026,NÃO,,,0,0,,,SIMULADO
DNP0027,NÃO,,,0,0,,,SIMULADO
DNP0028,NÃO,,,0,0,,,SIMULADO
DNP0029,SIM,PLN-2026-02-AT018,ADIAMENTO,2,0.5,REPROGRAMADO,2026-03-14,SIMULADO
DNP0030,NÃO,,,0,0,,,SIMULADO