ano,atividade_id,equipe_id,atividade,unidade,meta_anual,janela_operacional,restricao_principal,alternativa_id,atividade_alternativa,origem_dado
2026,AT001,EQ01,Roçada mecanizada em faixa,ha,72,"Ano todo; reforço em meses úmidos",Chuva intensa / solo saturado,AT004,Manutenção de sinalização e organização operacional,SIMULADO
2026,AT002,EQ01,Roçada manual seletiva,ha,96,Ano todo,Chuva intensa / acesso inseguro,AT004,Manutenção de sinalização e organização operacional,SIMULADO
2026,AT003,EQ01,Inspeção de faixa e pontos críticos,km,240,Ano todo,Tempestade / risco de descarga elétrica,AT004,Manutenção de sinalização e organização operacional,SIMULADO
2026,AT004,EQ01,Manutenção de sinalização e organização operacional,un,720,Ano todo,Sem restrição climática relevante,AT003,Inspeção de faixa e pontos críticos,SIMULADO
2026,AT005,EQ02,Corte de gramado e acabamento,ha,180,Ano todo,Chuva intensa / solo saturado,AT008,Manutenção leve de jardins e mobiliário verde,SIMULADO
2026,AT006,EQ02,Poda de formação e condução,un,360,Preferência por período seco,Vento forte / chuva intensa,AT008,Manutenção leve de jardins e mobiliário verde,SIMULADO
2026,AT007,EQ02,Controle de plantas invasoras,ha,96,Ano todo,Chuva intensa,AT008,Manutenção leve de jardins e mobiliário verde,SIMULADO
2026,AT008,EQ02,Manutenção leve de jardins e mobiliário verde,h,1500,Ano todo,Sem restrição climática relevante,AT006,Poda de formação e condução,SIMULADO
2026,AT009,EQ03,Produção de mudas florestais,milheiro,60,Ano todo,Calor extremo sem irrigação disponível,AT012,Beneficiamento de sementes e organização de viveiro,SIMULADO
2026,AT010,EQ03,Repicagem e rustificação de mudas,milheiro,84,Ano todo,Calor extremo,AT012,Beneficiamento de sementes e organização de viveiro,SIMULADO
2026,AT011,EQ03,Expedição e carregamento de mudas,milheiro,96,Conforme demanda,Chuva intensa / logística,AT012,Beneficiamento de sementes e organização de viveiro,SIMULADO
2026,AT012,EQ03,Beneficiamento de sementes e organização de viveiro,h,1500,Ano todo,Sem restrição climática relevante,AT009,Produção de mudas florestais,SIMULADO
2026,AT013,EQ04,Produção de hortaliças,canteiro,120,Ano todo,Calor extremo / falha de irrigação,AT016,Preparação de substrato e manutenção interna,SIMULADO
2026,AT014,EQ04,Manejo de vasos ornamentais,un,360,Ano todo,Sem restrição climática relevante,AT016,Preparação de substrato e manutenção interna,SIMULADO
2026,AT015,EQ04,Transplante e renovação de canteiros,m²,2400,Preferência por clima ameno,Calor extremo / chuva intensa,AT016,Preparação de substrato e manutenção interna,SIMULADO
2026,AT016,EQ04,Preparação de substrato e manutenção interna,h,1500,Ano todo,Sem restrição climática relevante,AT014,Manejo de vasos ornamentais,SIMULADO
2026,AT017,EQ05,Plantio florestal,ha,96,Preferência por período úmido,Estiagem / déficit hídrico,AT020,Preparo de insumos e manutenção de ferramentas,SIMULADO
2026,AT018,EQ05,Coroamento e manutenção de plantios,ha,120,Ano todo,Chuva intensa / solo saturado,AT020,Preparo de insumos e manutenção de ferramentas,SIMULADO
2026,AT019,EQ05,Controle de invasoras em área florestal,ha,144,Ano todo,Chuva intensa,AT020,Preparo de insumos e manutenção de ferramentas,SIMULADO
2026,AT020,EQ05,Preparo de insumos e manutenção de ferramentas,h,1500,Ano todo,Sem restrição climática relevante,AT018,Coroamento e manutenção de plantios,SIMULADO
2026,AT021,EQ06,Aceiro preventivo,km,120,Preferência por período seco,Chuva intensa,AT024,"Treinamento, prontidão e organização de base",SIMULADO
2026,AT022,EQ06,Ronda preventiva de incêndio,h,900,Reforço em período seco,Chuva intensa reduz criticidade,AT024,"Treinamento, prontidão e organização de base",SIMULADO
2026,AT023,EQ06,Inspeção de equipamentos de combate,un,480,Ano todo,Sem restrição climática relevante,AT024,"Treinamento, prontidão e organização de base",SIMULADO
2026,AT024,EQ06,"Treinamento, prontidão e organização de base",h,1500,Ano todo,Sem restrição climática relevante,AT023,Inspeção de equipamentos de combate,SIMULADO
