plano_id,ano,mes_num,mes,equipe_id,atividade_id,atividade,unidade,meta_planejada,status_planejamento,restricao_principal,alternativa_id,atividade_alternativa,origem_dado
PM0001,2026,1,Janeiro,EQ01,AT001,Monitoramento de avifauna (transecto),h,32,PARCIAL,Chuva forte — janelas restritas,AT004,Análise de dados de fauna,PROERG
PM0002,2026,2,Fevereiro,EQ01,AT001,Monitoramento de avifauna (transecto),h,32,PARCIAL,Chuvas intensas — saídas limitadas,AT004,Análise de dados de fauna,PROERG
PM0003,2026,3,Março,EQ01,AT001,Monitoramento de avifauna (transecto),h,0,BLOQUEADO,Chuva excepcional — campo suspenso,AT004,Análise de dados de fauna,PROERG
PM0004,2026,4,Abril,EQ01,AT001,Monitoramento de avifauna (transecto),h,80,CONCLUÍDO,,AT004,Análise de dados e relatórios de fauna,PROERG
PM0005,2026,5,Maio,EQ01,AT001,Monitoramento de avifauna (transecto),h,80,CONCLUÍDO,,AT004,Análise de dados e relatórios de fauna,PROERG
PM0006,2026,6,Junho,EQ01,AT001,Monitoramento de avifauna (transecto),h,80,CONCLUÍDO,,AT004,Análise de dados e relatórios de fauna,PROERG
PM0007,2026,7,Julho,EQ01,AT001,Monitoramento de avifauna (transecto),h,80,CONCLUÍDO,,AT004,Análise de dados e relatórios de fauna,PROERG
PM0008,2026,8,Agosto,EQ01,AT001,Monitoramento de avifauna (transecto),h,80,CONCLUÍDO,,AT004,Análise de dados e relatórios de fauna,PROERG
PM0009,2026,9,Setembro,EQ01,AT001,Monitoramento de avifauna (transecto),h,80,EM ANDAMENTO,,AT004,Análise de dados e relatórios de fauna,PROERG
PM0010,2026,10,Outubro,EQ01,AT001,Monitoramento de avifauna (transecto),h,80,PLANEJADO,,AT004,Análise de dados e relatórios de fauna,PROERG
PM0011,2026,11,Novembro,EQ01,AT001,Monitoramento de avifauna (transecto),h,80,PLANEJADO,,AT004,Análise de dados e relatórios de fauna,PROERG
PM0012,2026,12,Dezembro,EQ01,AT001,Monitoramento de avifauna (transecto),h,80,PLANEJADO,Chuva forte impede visibilidade e acesso,AT004,Análise de dados e relatórios de fauna,PROERG
PM0013,2026,1,Janeiro,EQ01,AT002,Monitoramento de mastofauna e câmeras-trap,h,24,PARCIAL,Chuva impede acesso às câmeras-trap,AT004,Análise de dados de fauna,PROERG
PM0014,2026,2,Fevereiro,EQ01,AT002,Monitoramento de mastofauna e câmeras-trap,h,24,PARCIAL,Trilhas alagadas,AT004,Análise de dados de fauna,PROERG
PM0015,2026,3,Março,EQ01,AT002,Monitoramento de mastofauna e câmeras-trap,h,0,BLOQUEADO,Chuva excepcional — campo suspenso,AT004,Análise de dados de fauna,PROERG
PM0016,2026,4,Abril,EQ01,AT002,Monitoramento de mastofauna e câmeras-trap,h,60,CONCLUÍDO,,AT004,Análise de dados e relatórios de fauna,PROERG
PM0017,2026,5,Maio,EQ01,AT002,Monitoramento de mastofauna e câmeras-trap,h,60,CONCLUÍDO,,AT004,Análise de dados e relatórios de fauna,PROERG
PM0018,2026,6,Junho,EQ01,AT002,Monitoramento de mastofauna e câmeras-trap,h,60,CONCLUÍDO,,AT004,Análise de dados e relatórios de fauna,PROERG
PM0019,2026,7,Julho,EQ01,AT002,Monitoramento de mastofauna e câmeras-trap,h,60,CONCLUÍDO,,AT004,Análise de dados e relatórios de fauna,PROERG
PM0020,2026,8,Agosto,EQ01,AT002,Monitoramento de mastofauna e câmeras-trap,h,0,BLOQUEADO,Seca extrema — comportamento alterado,AT004,Análise de dados de fauna,PROERG
PM0021,2026,9,Setembro,EQ01,AT002,Monitoramento de mastofauna e câmeras-trap,h,60,EM ANDAMENTO,,AT004,Análise de dados e relatórios de fauna,PROERG
PM0022,2026,10,Outubro,EQ01,AT002,Monitoramento de mastofauna e câmeras-trap,h,60,PLANEJADO,,AT004,Análise de dados e relatórios de fauna,PROERG
PM0023,2026,11,Novembro,EQ01,AT002,Monitoramento de mastofauna e câmeras-trap,h,60,PLANEJADO,,AT004,Análise de dados e relatórios de fauna,PROERG
PM0024,2026,12,Dezembro,EQ01,AT002,Monitoramento de mastofauna e câmeras-trap,h,60,PLANEJADO,Chuva intensa impede acesso às trilhas,AT004,Análise de dados e relatórios de fauna,PROERG
PM0025,2026,1,Janeiro,EQ01,AT003,Monitoramento de herpetofauna e ictiofauna,h,40,CONCLUÍDO,,AT004,Análise de dados e relatórios de fauna,PROERG
PM0026,2026,2,Fevereiro,EQ01,AT003,Monitoramento de herpetofauna e ictiofauna,h,40,CONCLUÍDO,,AT004,Análise de dados e relatórios de fauna,PROERG
PM0027,2026,3,Março,EQ01,AT003,Monitoramento de herpetofauna e ictiofauna,h,40,CONCLUÍDO,,AT004,Análise de dados e relatórios de fauna,PROERG
PM0028,2026,4,Abril,EQ01,AT003,Monitoramento de herpetofauna e ictiofauna,h,40,CONCLUÍDO,,AT004,Análise de dados e relatórios de fauna,PROERG
PM0029,2026,5,Maio,EQ01,AT003,Monitoramento de herpetofauna e ictiofauna,h,40,CONCLUÍDO,,AT004,Análise de dados e relatórios de fauna,PROERG
PM0030,2026,6,Junho,EQ01,AT003,Monitoramento de herpetofauna e ictiofauna,h,16,PARCIAL,Seca reduz populações em campo,AT004,Análise de dados de fauna,PROERG
PM0031,2026,7,Julho,EQ01,AT003,Monitoramento de herpetofauna e ictiofauna,h,0,BLOQUEADO,Seca severa — campo suspenso,AT004,Análise de dados de fauna,PROERG
PM0032,2026,8,Agosto,EQ01,AT003,Monitoramento de herpetofauna e ictiofauna,h,0,BLOQUEADO,Seca severa — campo suspenso,AT004,Análise de dados de fauna,PROERG
PM0033,2026,9,Setembro,EQ01,AT003,Monitoramento de herpetofauna e ictiofauna,h,40,EM ANDAMENTO,,AT004,Análise de dados e relatórios de fauna,PROERG
PM0034,2026,10,Outubro,EQ01,AT003,Monitoramento de herpetofauna e ictiofauna,h,40,PLANEJADO,,AT004,Análise de dados e relatórios de fauna,PROERG
PM0035,2026,11,Novembro,EQ01,AT003,Monitoramento de herpetofauna e ictiofauna,h,40,PLANEJADO,,AT004,Análise de dados e relatórios de fauna,PROERG
PM0036,2026,12,Dezembro,EQ01,AT003,Monitoramento de herpetofauna e ictiofauna,h,40,PLANEJADO,Seca severa reduz populações em campo,AT004,Análise de dados e relatórios de fauna,PROERG
PM0037,2026,1,Janeiro,EQ01,AT004,Análise de dados e relatórios de fauna,h,50,CONCLUÍDO,,AT001,Monitoramento de avifauna,PROERG
PM0038,2026,2,Fevereiro,EQ01,AT004,Análise de dados e relatórios de fauna,h,50,CONCLUÍDO,,AT001,Monitoramento de avifauna,PROERG
PM0039,2026,3,Março,EQ01,AT004,Análise de dados e relatórios de fauna,h,50,CONCLUÍDO,,AT001,Monitoramento de avifauna,PROERG
PM0040,2026,4,Abril,EQ01,AT004,Análise de dados e relatórios de fauna,h,50,CONCLUÍDO,,AT001,Monitoramento de avifauna,PROERG
PM0041,2026,5,Maio,EQ01,AT004,Análise de dados e relatórios de fauna,h,50,CONCLUÍDO,,AT001,Monitoramento de avifauna,PROERG
PM0042,2026,6,Junho,EQ01,AT004,Análise de dados e relatórios de fauna,h,50,CONCLUÍDO,,AT001,Monitoramento de avifauna,PROERG
PM0043,2026,7,Julho,EQ01,AT004,Análise de dados e relatórios de fauna,h,50,CONCLUÍDO,,AT001,Monitoramento de avifauna,PROERG
PM0044,2026,8,Agosto,EQ01,AT004,Análise de dados e relatórios de fauna,h,50,CONCLUÍDO,,AT001,Monitoramento de avifauna,PROERG
PM0045,2026,9,Setembro,EQ01,AT004,Análise de dados e relatórios de fauna,h,50,EM ANDAMENTO,,AT001,Monitoramento de avifauna,PROERG
PM0046,2026,10,Outubro,EQ01,AT004,Análise de dados e relatórios de fauna,h,50,PLANEJADO,,AT001,Monitoramento de avifauna,PROERG
PM0047,2026,11,Novembro,EQ01,AT004,Análise de dados e relatórios de fauna,h,50,PLANEJADO,,AT001,Monitoramento de avifauna,PROERG
PM0048,2026,12,Dezembro,EQ01,AT004,Análise de dados e relatórios de fauna,h,50,PLANEJADO,Sem restrição climática,AT001,Monitoramento de avifauna,PROERG
PM0049,2026,1,Janeiro,EQ02,AT005,Inventário florestal e fitossociologia,ha,0,BLOQUEADO,Chuva impede acesso e medições,AT008,Análise de imagens e laudos técnicos,PROERG
PM0050,2026,2,Fevereiro,EQ02,AT005,Inventário florestal e fitossociologia,ha,0,BLOQUEADO,Chuva impede acesso e medições,AT008,Análise de imagens e laudos técnicos,PROERG
PM0051,2026,3,Março,EQ02,AT005,Inventário florestal e fitossociologia,ha,2,PARCIAL,Chuvas moderadas — janelas aproveitadas,AT008,Análise de imagens e laudos técnicos,PROERG
PM0052,2026,4,Abril,EQ02,AT005,Inventário florestal e fitossociologia,ha,2,PARCIAL,Veículo quebrado — logística comprometida,AT008,Análise de imagens e laudos técnicos,PROERG
PM0053,2026,5,Maio,EQ02,AT005,Inventário florestal e fitossociologia,ha,5,CONCLUÍDO,,AT008,Análise de imagens e laudos técnicos,PROERG
PM0054,2026,6,Junho,EQ02,AT005,Inventário florestal e fitossociologia,ha,5,CONCLUÍDO,,AT008,Análise de imagens e laudos técnicos,PROERG
PM0055,2026,7,Julho,EQ02,AT005,Inventário florestal e fitossociologia,ha,5,CONCLUÍDO,,AT008,Análise de imagens e laudos técnicos,PROERG
PM0056,2026,8,Agosto,EQ02,AT005,Inventário florestal e fitossociologia,ha,5,CONCLUÍDO,,AT008,Análise de imagens e laudos técnicos,PROERG
PM0057,2026,9,Setembro,EQ02,AT005,Inventário florestal e fitossociologia,ha,5,EM ANDAMENTO,,AT008,Análise de imagens e laudos técnicos,PROERG
PM0058,2026,10,Outubro,EQ02,AT005,Inventário florestal e fitossociologia,ha,5,PLANEJADO,,AT008,Análise de imagens e laudos técnicos,PROERG
PM0059,2026,11,Novembro,EQ02,AT005,Inventário florestal e fitossociologia,ha,5,PLANEJADO,,AT008,Análise de imagens e laudos técnicos,PROERG
PM0060,2026,12,Dezembro,EQ02,AT005,Inventário florestal e fitossociologia,ha,5,PLANEJADO,Chuva dificulta acesso e medições DAP,AT008,Análise de imagens e laudos técnicos,PROERG
PM0061,2026,1,Janeiro,EQ02,AT006,Controle de espécies exóticas invasoras,ha,0,BLOQUEADO,Chuva impede acesso,AT008,Análise de imagens e laudos técnicos,PROERG
PM0062,2026,2,Fevereiro,EQ02,AT006,Controle de espécies exóticas invasoras,ha,0,BLOQUEADO,Chuva impede acesso,AT008,Análise de imagens e laudos técnicos,PROERG
PM0063,2026,3,Março,EQ02,AT006,Controle de espécies exóticas invasoras,ha,3,PARCIAL,Chuvas moderadas,AT008,Análise de imagens e laudos técnicos,PROERG
PM0064,2026,4,Abril,EQ02,AT006,Controle de espécies exóticas invasoras,ha,8,CONCLUÍDO,,AT008,Análise de imagens e laudos técnicos,PROERG
PM0065,2026,5,Maio,EQ02,AT006,Controle de espécies exóticas invasoras,ha,8,CONCLUÍDO,,AT008,Análise de imagens e laudos técnicos,PROERG
PM0066,2026,6,Junho,EQ02,AT006,Controle de espécies exóticas invasoras,ha,8,CONCLUÍDO,,AT008,Análise de imagens e laudos técnicos,PROERG
PM0067,2026,7,Julho,EQ02,AT006,Controle de espécies exóticas invasoras,ha,8,CONCLUÍDO,,AT008,Análise de imagens e laudos técnicos,PROERG
PM0068,2026,8,Agosto,EQ02,AT006,Controle de espécies exóticas invasoras,ha,3,PARCIAL,Incêndio próximo — área interditada 15 dias,AT008,Análise de imagens e laudos técnicos,PROERG
PM0069,2026,9,Setembro,EQ02,AT006,Controle de espécies exóticas invasoras,ha,8,EM ANDAMENTO,,AT008,Análise de imagens e laudos técnicos,PROERG
PM0070,2026,10,Outubro,EQ02,AT006,Controle de espécies exóticas invasoras,ha,8,PLANEJADO,,AT008,Análise de imagens e laudos técnicos,PROERG
PM0071,2026,11,Novembro,EQ02,AT006,Controle de espécies exóticas invasoras,ha,8,PLANEJADO,,AT008,Análise de imagens e laudos técnicos,PROERG
PM0072,2026,12,Dezembro,EQ02,AT006,Controle de espécies exóticas invasoras,ha,8,PLANEJADO,Incêndio próximo impede entrada na área,AT008,Análise de imagens e laudos técnicos,PROERG
PM0073,2026,1,Janeiro,EQ02,AT007,Coleta de sementes nativas e mapeamento,ha,3,CONCLUÍDO,,AT008,Análise de imagens e laudos técnicos,PROERG
PM0074,2026,2,Fevereiro,EQ02,AT007,Coleta de sementes nativas e mapeamento,ha,3,CONCLUÍDO,,AT008,Análise de imagens e laudos técnicos,PROERG
PM0075,2026,3,Março,EQ02,AT007,Coleta de sementes nativas e mapeamento,ha,3,CONCLUÍDO,,AT008,Análise de imagens e laudos técnicos,PROERG
PM0076,2026,4,Abril,EQ02,AT007,Coleta de sementes nativas e mapeamento,ha,3,CONCLUÍDO,,AT008,Análise de imagens e laudos técnicos,PROERG
PM0077,2026,5,Maio,EQ02,AT007,Coleta de sementes nativas e mapeamento,ha,0,BLOQUEADO,Fora da janela de frutificação,AT008,Análise de imagens e laudos técnicos,PROERG
PM0078,2026,6,Junho,EQ02,AT007,Coleta de sementes nativas e mapeamento,ha,0,BLOQUEADO,Fora da janela de frutificação,AT008,Análise de imagens e laudos técnicos,PROERG
PM0079,2026,7,Julho,EQ02,AT007,Coleta de sementes nativas e mapeamento,ha,0,BLOQUEADO,Fora da janela de frutificação,AT008,Análise de imagens e laudos técnicos,PROERG
PM0080,2026,8,Agosto,EQ02,AT007,Coleta de sementes nativas e mapeamento,ha,0,BLOQUEADO,Fora da janela de frutificação,AT008,Análise de imagens e laudos técnicos,PROERG
PM0081,2026,9,Setembro,EQ02,AT007,Coleta de sementes nativas e mapeamento,ha,3,EM ANDAMENTO,,AT008,Análise de imagens e laudos técnicos,PROERG
PM0082,2026,10,Outubro,EQ02,AT007,Coleta de sementes nativas e mapeamento,ha,3,PLANEJADO,,AT008,Análise de imagens e laudos técnicos,PROERG
PM0083,2026,11,Novembro,EQ02,AT007,Coleta de sementes nativas e mapeamento,ha,3,PLANEJADO,,AT008,Análise de imagens e laudos técnicos,PROERG
PM0084,2026,12,Dezembro,EQ02,AT007,Coleta de sementes nativas e mapeamento,ha,3,PLANEJADO,Chuva intensa impede coleta e triagem,AT008,Análise de imagens e laudos técnicos,PROERG
PM0085,2026,1,Janeiro,EQ02,AT008,Análise de imagens e laudos técnicos,h,60,CONCLUÍDO,,AT005,Inventário florestal,PROERG
PM0086,2026,2,Fevereiro,EQ02,AT008,Análise de imagens e laudos técnicos,h,60,CONCLUÍDO,,AT005,Inventário florestal,PROERG
PM0087,2026,3,Março,EQ02,AT008,Análise de imagens e laudos técnicos,h,60,CONCLUÍDO,,AT005,Inventário florestal,PROERG
PM0088,2026,4,Abril,EQ02,AT008,Análise de imagens e laudos técnicos,h,60,CONCLUÍDO,,AT005,Inventário florestal,PROERG
PM0089,2026,5,Maio,EQ02,AT008,Análise de imagens e laudos técnicos,h,60,CONCLUÍDO,,AT005,Inventário florestal,PROERG
PM0090,2026,6,Junho,EQ02,AT008,Análise de imagens e laudos técnicos,h,60,CONCLUÍDO,,AT005,Inventário florestal,PROERG
PM0091,2026,7,Julho,EQ02,AT008,Análise de imagens e laudos técnicos,h,60,CONCLUÍDO,,AT005,Inventário florestal,PROERG
PM0092,2026,8,Agosto,EQ02,AT008,Análise de imagens e laudos técnicos,h,60,CONCLUÍDO,,AT005,Inventário florestal,PROERG
PM0093,2026,9,Setembro,EQ02,AT008,Análise de imagens e laudos técnicos,h,60,EM ANDAMENTO,,AT005,Inventário florestal,PROERG
PM0094,2026,10,Outubro,EQ02,AT008,Análise de imagens e laudos técnicos,h,60,PLANEJADO,,AT005,Inventário florestal,PROERG
PM0095,2026,11,Novembro,EQ02,AT008,Análise de imagens e laudos técnicos,h,60,PLANEJADO,,AT005,Inventário florestal,PROERG
PM0096,2026,12,Dezembro,EQ02,AT008,Análise de imagens e laudos técnicos,h,60,PLANEJADO,Sem restrição climática,AT005,Inventário florestal,PROERG
PM0097,2026,1,Janeiro,EQ03,AT009,Monitoramento de qualidade da água,h,60,CONCLUÍDO,,AT012,Análise laboratorial e relatórios hídricos,PROERG
PM0098,2026,2,Fevereiro,EQ03,AT009,Monitoramento de qualidade da água,h,60,CONCLUÍDO,,AT012,Análise laboratorial e relatórios hídricos,PROERG
PM0099,2026,3,Março,EQ03,AT009,Monitoramento de qualidade da água,h,60,CONCLUÍDO,,AT012,Análise laboratorial e relatórios hídricos,PROERG
PM0100,2026,4,Abril,EQ03,AT009,Monitoramento de qualidade da água,h,60,CONCLUÍDO,,AT012,Análise laboratorial e relatórios hídricos,PROERG
PM0101,2026,5,Maio,EQ03,AT009,Monitoramento de qualidade da água,h,0,BLOQUEADO,Autorização IBAMA aguardada,AT012,Análise laboratorial e relatórios,PROERG
PM0102,2026,6,Junho,EQ03,AT009,Monitoramento de qualidade da água,h,60,CONCLUÍDO,,AT012,Análise laboratorial e relatórios hídricos,PROERG
PM0103,2026,7,Julho,EQ03,AT009,Monitoramento de qualidade da água,h,60,CONCLUÍDO,,AT012,Análise laboratorial e relatórios hídricos,PROERG
PM0104,2026,8,Agosto,EQ03,AT009,Monitoramento de qualidade da água,h,0,BLOQUEADO,Embarcação em manutenção — sem previsão,AT012,Análise laboratorial e relatórios,PROERG
PM0105,2026,9,Setembro,EQ03,AT009,Monitoramento de qualidade da água,h,60,EM ANDAMENTO,,AT012,Análise laboratorial e relatórios hídricos,PROERG
PM0106,2026,10,Outubro,EQ03,AT009,Monitoramento de qualidade da água,h,60,PLANEJADO,,AT012,Análise laboratorial e relatórios hídricos,PROERG
PM0107,2026,11,Novembro,EQ03,AT009,Monitoramento de qualidade da água,h,60,PLANEJADO,,AT012,Análise laboratorial e relatórios hídricos,PROERG
PM0108,2026,12,Dezembro,EQ03,AT009,Monitoramento de qualidade da água,h,60,PLANEJADO,Cheia suspende coleta de amostras,AT012,Análise laboratorial e relatórios hídricos,PROERG
PM0109,2026,1,Janeiro,EQ03,AT010,Controle de macrófitas aquáticas,ha,4,CONCLUÍDO,,AT012,Análise laboratorial e relatórios hídricos,PROERG
PM0110,2026,2,Fevereiro,EQ03,AT010,Controle de macrófitas aquáticas,ha,4,CONCLUÍDO,,AT012,Análise laboratorial e relatórios hídricos,PROERG
PM0111,2026,3,Março,EQ03,AT010,Controle de macrófitas aquáticas,ha,4,CONCLUÍDO,,AT012,Análise laboratorial e relatórios hídricos,PROERG
PM0112,2026,4,Abril,EQ03,AT010,Controle de macrófitas aquáticas,ha,4,CONCLUÍDO,,AT012,Análise laboratorial e relatórios hídricos,PROERG
PM0113,2026,5,Maio,EQ03,AT010,Controle de macrófitas aquáticas,ha,4,CONCLUÍDO,,AT012,Análise laboratorial e relatórios hídricos,PROERG
PM0114,2026,6,Junho,EQ03,AT010,Controle de macrófitas aquáticas,ha,1,PARCIAL,Nível baixo — macrófitas retraídas,AT012,Análise laboratorial e relatórios,PROERG
PM0115,2026,7,Julho,EQ03,AT010,Controle de macrófitas aquáticas,ha,0,BLOQUEADO,Seca — área seca inacessível,AT012,Análise laboratorial e relatórios,PROERG
PM0116,2026,8,Agosto,EQ03,AT010,Controle de macrófitas aquáticas,ha,0,BLOQUEADO,Seca extrema,AT012,Análise laboratorial e relatórios,PROERG
PM0117,2026,9,Setembro,EQ03,AT010,Controle de macrófitas aquáticas,ha,4,EM ANDAMENTO,,AT012,Análise laboratorial e relatórios hídricos,PROERG
PM0118,2026,10,Outubro,EQ03,AT010,Controle de macrófitas aquáticas,ha,4,PLANEJADO,,AT012,Análise laboratorial e relatórios hídricos,PROERG
PM0119,2026,11,Novembro,EQ03,AT010,Controle de macrófitas aquáticas,ha,4,PLANEJADO,,AT012,Análise laboratorial e relatórios hídricos,PROERG
PM0120,2026,12,Dezembro,EQ03,AT010,Controle de macrófitas aquáticas,ha,4,PLANEJADO,Vento forte impede navegação segura,AT012,Análise laboratorial e relatórios hídricos,PROERG
PM0121,2026,1,Janeiro,EQ03,AT011,Batimetria e monitoramento de erosão marginal,km,0,BLOQUEADO,Rio em cheia — batimetria impossível,AT012,Análise laboratorial e relatórios,PROERG
PM0122,2026,2,Fevereiro,EQ03,AT011,Batimetria e monitoramento de erosão marginal,km,0,BLOQUEADO,Rio em cheia — batimetria impossível,AT012,Análise laboratorial e relatórios,PROERG
PM0123,2026,3,Março,EQ03,AT011,Batimetria e monitoramento de erosão marginal,km,0,BLOQUEADO,Nível ainda elevado,AT012,Análise laboratorial e relatórios,PROERG
PM0124,2026,4,Abril,EQ03,AT011,Batimetria e monitoramento de erosão marginal,km,5,CONCLUÍDO,,AT012,Análise laboratorial e relatórios hídricos,PROERG
PM0125,2026,5,Maio,EQ03,AT011,Batimetria e monitoramento de erosão marginal,km,5,CONCLUÍDO,,AT012,Análise laboratorial e relatórios hídricos,PROERG
PM0126,2026,6,Junho,EQ03,AT011,Batimetria e monitoramento de erosão marginal,km,5,CONCLUÍDO,,AT012,Análise laboratorial e relatórios hídricos,PROERG
PM0127,2026,7,Julho,EQ03,AT011,Batimetria e monitoramento de erosão marginal,km,5,CONCLUÍDO,,AT012,Análise laboratorial e relatórios hídricos,PROERG
PM0128,2026,8,Agosto,EQ03,AT011,Batimetria e monitoramento de erosão marginal,km,5,CONCLUÍDO,,AT012,Análise laboratorial e relatórios hídricos,PROERG
PM0129,2026,9,Setembro,EQ03,AT011,Batimetria e monitoramento de erosão marginal,km,5,EM ANDAMENTO,,AT012,Análise laboratorial e relatórios hídricos,PROERG
PM0130,2026,10,Outubro,EQ03,AT011,Batimetria e monitoramento de erosão marginal,km,5,PLANEJADO,,AT012,Análise laboratorial e relatórios hídricos,PROERG
PM0131,2026,11,Novembro,EQ03,AT011,Batimetria e monitoramento de erosão marginal,km,5,PLANEJADO,,AT012,Análise laboratorial e relatórios hídricos,PROERG
PM0132,2026,12,Dezembro,EQ03,AT011,Batimetria e monitoramento de erosão marginal,km,5,PLANEJADO,Nível alto do rio impede batimetria,AT012,Análise laboratorial e relatórios hídricos,PROERG
PM0133,2026,1,Janeiro,EQ03,AT012,Análise laboratorial e relatórios hídricos,h,50,CONCLUÍDO,,AT009,Monitoramento qualidade da água,PROERG
PM0134,2026,2,Fevereiro,EQ03,AT012,Análise laboratorial e relatórios hídricos,h,50,CONCLUÍDO,,AT009,Monitoramento qualidade da água,PROERG
PM0135,2026,3,Março,EQ03,AT012,Análise laboratorial e relatórios hídricos,h,50,CONCLUÍDO,,AT009,Monitoramento qualidade da água,PROERG
PM0136,2026,4,Abril,EQ03,AT012,Análise laboratorial e relatórios hídricos,h,50,CONCLUÍDO,,AT009,Monitoramento qualidade da água,PROERG
PM0137,2026,5,Maio,EQ03,AT012,Análise laboratorial e relatórios hídricos,h,50,CONCLUÍDO,,AT009,Monitoramento qualidade da água,PROERG
PM0138,2026,6,Junho,EQ03,AT012,Análise laboratorial e relatórios hídricos,h,50,CONCLUÍDO,,AT009,Monitoramento qualidade da água,PROERG
PM0139,2026,7,Julho,EQ03,AT012,Análise laboratorial e relatórios hídricos,h,50,CONCLUÍDO,,AT009,Monitoramento qualidade da água,PROERG
PM0140,2026,8,Agosto,EQ03,AT012,Análise laboratorial e relatórios hídricos,h,50,CONCLUÍDO,,AT009,Monitoramento qualidade da água,PROERG
PM0141,2026,9,Setembro,EQ03,AT012,Análise laboratorial e relatórios hídricos,h,50,EM ANDAMENTO,,AT009,Monitoramento qualidade da água,PROERG
PM0142,2026,10,Outubro,EQ03,AT012,Análise laboratorial e relatórios hídricos,h,50,PLANEJADO,,AT009,Monitoramento qualidade da água,PROERG
PM0143,2026,11,Novembro,EQ03,AT012,Análise laboratorial e relatórios hídricos,h,50,PLANEJADO,,AT009,Monitoramento qualidade da água,PROERG
PM0144,2026,12,Dezembro,EQ03,AT012,Análise laboratorial e relatórios hídricos,h,50,PLANEJADO,Aguardar autorização regulatória,AT009,Monitoramento qualidade da água,PROERG
PM0145,2026,1,Janeiro,EQ04,AT013,Plantio de mudas nativas,mudas,0,BLOQUEADO,Chuva excessiva compromete pegamento,AT016,Manutenção de plantios,PROERG
PM0146,2026,2,Fevereiro,EQ04,AT013,Plantio de mudas nativas,mudas,0,BLOQUEADO,Chuva excessiva compromete pegamento,AT016,Manutenção de plantios,PROERG
PM0147,2026,3,Março,EQ04,AT013,Plantio de mudas nativas,mudas,200,PARCIAL,Chuvas moderadas — metade do plantio realizado,AT016,Manutenção de plantios,PROERG
PM0148,2026,4,Abril,EQ04,AT013,Plantio de mudas nativas,mudas,0,BLOQUEADO,Solo ressequindo — pegamento comprometido,AT016,Manutenção de plantios,PROERG
PM0149,2026,5,Maio,EQ04,AT013,Plantio de mudas nativas,mudas,0,BLOQUEADO,Estiagem — sem condições para plantio,AT016,Manutenção de plantios,PROERG
PM0150,2026,6,Junho,EQ04,AT013,Plantio de mudas nativas,mudas,0,BLOQUEADO,Geada — risco à mortalidade de mudas,AT016,Manutenção de plantios,PROERG
PM0151,2026,7,Julho,EQ04,AT013,Plantio de mudas nativas,mudas,0,BLOQUEADO,Geada registrada — plantio suspenso,AT016,Manutenção de plantios,PROERG
PM0152,2026,8,Agosto,EQ04,AT013,Plantio de mudas nativas,mudas,0,BLOQUEADO,Falta de mudas no viveiro,AT016,Manutenção de plantios,PROERG
PM0153,2026,9,Setembro,EQ04,AT013,Plantio de mudas nativas,mudas,500,EM ANDAMENTO,,AT016,Manutenção de plantios e tratos culturais,PROERG
PM0154,2026,10,Outubro,EQ04,AT013,Plantio de mudas nativas,mudas,500,PLANEJADO,,AT016,Manutenção de plantios e tratos culturais,PROERG
PM0155,2026,11,Novembro,EQ04,AT013,Plantio de mudas nativas,mudas,500,PLANEJADO,,AT016,Manutenção de plantios e tratos culturais,PROERG
PM0156,2026,12,Dezembro,EQ04,AT013,Plantio de mudas nativas,mudas,500,PLANEJADO,Geada e seca severa comprometem pegamento,AT016,Manutenção de plantios e tratos culturais,PROERG
PM0157,2026,1,Janeiro,EQ04,AT014,Restauração de APP e recuperação de nascentes,ha,3,CONCLUÍDO,,AT016,Manutenção de plantios e tratos culturais,PROERG
PM0158,2026,2,Fevereiro,EQ04,AT014,Restauração de APP e recuperação de nascentes,ha,3,CONCLUÍDO,,AT016,Manutenção de plantios e tratos culturais,PROERG
PM0159,2026,3,Março,EQ04,AT014,Restauração de APP e recuperação de nascentes,ha,3,CONCLUÍDO,,AT016,Manutenção de plantios e tratos culturais,PROERG
PM0160,2026,4,Abril,EQ04,AT014,Restauração de APP e recuperação de nascentes,ha,3,CONCLUÍDO,,AT016,Manutenção de plantios e tratos culturais,PROERG
PM0161,2026,5,Maio,EQ04,AT014,Restauração de APP e recuperação de nascentes,ha,3,CONCLUÍDO,,AT016,Manutenção de plantios e tratos culturais,PROERG
PM0162,2026,6,Junho,EQ04,AT014,Restauração de APP e recuperação de nascentes,ha,3,CONCLUÍDO,,AT016,Manutenção de plantios e tratos culturais,PROERG
PM0163,2026,7,Julho,EQ04,AT014,Restauração de APP e recuperação de nascentes,ha,3,CONCLUÍDO,,AT016,Manutenção de plantios e tratos culturais,PROERG
PM0164,2026,8,Agosto,EQ04,AT014,Restauração de APP e recuperação de nascentes,ha,3,CONCLUÍDO,,AT016,Manutenção de plantios e tratos culturais,PROERG
PM0165,2026,9,Setembro,EQ04,AT014,Restauração de APP e recuperação de nascentes,ha,3,EM ANDAMENTO,,AT016,Manutenção de plantios e tratos culturais,PROERG
PM0166,2026,10,Outubro,EQ04,AT014,Restauração de APP e recuperação de nascentes,ha,3,PLANEJADO,,AT016,Manutenção de plantios e tratos culturais,PROERG
PM0167,2026,11,Novembro,EQ04,AT014,Restauração de APP e recuperação de nascentes,ha,3,PLANEJADO,,AT016,Manutenção de plantios e tratos culturais,PROERG
PM0168,2026,12,Dezembro,EQ04,AT014,Restauração de APP e recuperação de nascentes,ha,3,PLANEJADO,Estiagem severa seca nascentes recém-restauradas,AT016,Manutenção de plantios e tratos culturais,PROERG
PM0169,2026,1,Janeiro,EQ04,AT015,Semeadura direta e revegetação de taludes,ha,0,BLOQUEADO,Chuva intensa lixivia sementes,AT016,Manutenção de plantios,PROERG
PM0170,2026,2,Fevereiro,EQ04,AT015,Semeadura direta e revegetação de taludes,ha,0,BLOQUEADO,Chuva intensa lixivia sementes,AT016,Manutenção de plantios,PROERG
PM0171,2026,3,Março,EQ04,AT015,Semeadura direta e revegetação de taludes,ha,2,CONCLUÍDO,,AT016,Manutenção de plantios e tratos culturais,PROERG
PM0172,2026,4,Abril,EQ04,AT015,Semeadura direta e revegetação de taludes,ha,2,CONCLUÍDO,,AT016,Manutenção de plantios e tratos culturais,PROERG
PM0173,2026,5,Maio,EQ04,AT015,Semeadura direta e revegetação de taludes,ha,0,BLOQUEADO,Fora da janela de semeadura,AT016,Manutenção de plantios,PROERG
PM0174,2026,6,Junho,EQ04,AT015,Semeadura direta e revegetação de taludes,ha,0,BLOQUEADO,Fora da janela de semeadura,AT016,Manutenção de plantios,PROERG
PM0175,2026,7,Julho,EQ04,AT015,Semeadura direta e revegetação de taludes,ha,0,BLOQUEADO,Fora da janela de semeadura,AT016,Manutenção de plantios,PROERG
PM0176,2026,8,Agosto,EQ04,AT015,Semeadura direta e revegetação de taludes,ha,0,BLOQUEADO,Fora da janela + seca extrema,AT016,Manutenção de plantios,PROERG
PM0177,2026,9,Setembro,EQ04,AT015,Semeadura direta e revegetação de taludes,ha,2,EM ANDAMENTO,,AT016,Manutenção de plantios e tratos culturais,PROERG
PM0178,2026,10,Outubro,EQ04,AT015,Semeadura direta e revegetação de taludes,ha,2,PLANEJADO,,AT016,Manutenção de plantios e tratos culturais,PROERG
PM0179,2026,11,Novembro,EQ04,AT015,Semeadura direta e revegetação de taludes,ha,2,PLANEJADO,,AT016,Manutenção de plantios e tratos culturais,PROERG
PM0180,2026,12,Dezembro,EQ04,AT015,Semeadura direta e revegetação de taludes,ha,2,PLANEJADO,Chuva intensa pós-semeadura lixivia sementes,AT016,Manutenção de plantios e tratos culturais,PROERG
PM0181,2026,1,Janeiro,EQ04,AT016,Manutenção de plantios e tratos culturais,h,80,CONCLUÍDO,,AT013,Plantio de mudas nativas,PROERG
PM0182,2026,2,Fevereiro,EQ04,AT016,Manutenção de plantios e tratos culturais,h,80,CONCLUÍDO,,AT013,Plantio de mudas nativas,PROERG
PM0183,2026,3,Março,EQ04,AT016,Manutenção de plantios e tratos culturais,h,80,CONCLUÍDO,,AT013,Plantio de mudas nativas,PROERG
PM0184,2026,4,Abril,EQ04,AT016,Manutenção de plantios e tratos culturais,h,80,CONCLUÍDO,,AT013,Plantio de mudas nativas,PROERG
PM0185,2026,5,Maio,EQ04,AT016,Manutenção de plantios e tratos culturais,h,80,CONCLUÍDO,,AT013,Plantio de mudas nativas,PROERG
PM0186,2026,6,Junho,EQ04,AT016,Manutenção de plantios e tratos culturais,h,80,CONCLUÍDO,,AT013,Plantio de mudas nativas,PROERG
PM0187,2026,7,Julho,EQ04,AT016,Manutenção de plantios e tratos culturais,h,80,CONCLUÍDO,,AT013,Plantio de mudas nativas,PROERG
PM0188,2026,8,Agosto,EQ04,AT016,Manutenção de plantios e tratos culturais,h,80,CONCLUÍDO,,AT013,Plantio de mudas nativas,PROERG
PM0189,2026,9,Setembro,EQ04,AT016,Manutenção de plantios e tratos culturais,h,80,EM ANDAMENTO,,AT013,Plantio de mudas nativas,PROERG
PM0190,2026,10,Outubro,EQ04,AT016,Manutenção de plantios e tratos culturais,h,80,PLANEJADO,,AT013,Plantio de mudas nativas,PROERG
PM0191,2026,11,Novembro,EQ04,AT016,Manutenção de plantios e tratos culturais,h,80,PLANEJADO,,AT013,Plantio de mudas nativas,PROERG
PM0192,2026,12,Dezembro,EQ04,AT016,Manutenção de plantios e tratos culturais,h,80,PLANEJADO,Falta de insumos no viveiro,AT013,Plantio de mudas nativas,PROERG
PM0193,2026,1,Janeiro,EQ05,AT017,Controle de voçorocas e erosão,m³,0,BLOQUEADO,Chuva ativa erosão — obras impossíveis,AT020,Georreferenciamento de focos,PROERG
PM0194,2026,2,Fevereiro,EQ05,AT017,Controle de voçorocas e erosão,m³,0,BLOQUEADO,Chuva ativa erosão — obras impossíveis,AT020,Georreferenciamento de focos,PROERG
PM0195,2026,3,Março,EQ05,AT017,Controle de voçorocas e erosão,m³,80,PARCIAL,Chuvas moderadas — obras parciais,AT020,Georreferenciamento de focos,PROERG
PM0196,2026,4,Abril,EQ05,AT017,Controle de voçorocas e erosão,m³,200,CONCLUÍDO,,AT020,Georreferenciamento de focos erosivos,PROERG
PM0197,2026,5,Maio,EQ05,AT017,Controle de voçorocas e erosão,m³,200,CONCLUÍDO,,AT020,Georreferenciamento de focos erosivos,PROERG
PM0198,2026,6,Junho,EQ05,AT017,Controle de voçorocas e erosão,m³,200,CONCLUÍDO,,AT020,Georreferenciamento de focos erosivos,PROERG
PM0199,2026,7,Julho,EQ05,AT017,Controle de voçorocas e erosão,m³,200,CONCLUÍDO,,AT020,Georreferenciamento de focos erosivos,PROERG
PM0200,2026,8,Agosto,EQ05,AT017,Controle de voçorocas e erosão,m³,200,CONCLUÍDO,,AT020,Georreferenciamento de focos erosivos,PROERG
PM0201,2026,9,Setembro,EQ05,AT017,Controle de voçorocas e erosão,m³,200,EM ANDAMENTO,,AT020,Georreferenciamento de focos erosivos,PROERG
PM0202,2026,10,Outubro,EQ05,AT017,Controle de voçorocas e erosão,m³,200,PLANEJADO,,AT020,Georreferenciamento de focos erosivos,PROERG
PM0203,2026,11,Novembro,EQ05,AT017,Controle de voçorocas e erosão,m³,200,PLANEJADO,,AT020,Georreferenciamento de focos erosivos,PROERG
PM0204,2026,12,Dezembro,EQ05,AT017,Controle de voçorocas e erosão,m³,200,PLANEJADO,Chuva ativa processos erosivos durante obras,AT020,Georreferenciamento de focos erosivos,PROERG
PM0205,2026,1,Janeiro,EQ05,AT018,Instalação de bacias de contenção,un,0,BLOQUEADO,Chuva — obras suspensas,AT020,Georreferenciamento de focos,PROERG
PM0206,2026,2,Fevereiro,EQ05,AT018,Instalação de bacias de contenção,un,0,BLOQUEADO,Chuva — obras suspensas,AT020,Georreferenciamento de focos,PROERG
PM0207,2026,3,Março,EQ05,AT018,Instalação de bacias de contenção,un,2,PARCIAL,Chuvas moderadas,AT020,Georreferenciamento de focos,PROERG
PM0208,2026,4,Abril,EQ05,AT018,Instalação de bacias de contenção,un,5,CONCLUÍDO,,AT020,Georreferenciamento de focos erosivos,PROERG
PM0209,2026,5,Maio,EQ05,AT018,Instalação de bacias de contenção,un,5,CONCLUÍDO,,AT020,Georreferenciamento de focos erosivos,PROERG
PM0210,2026,6,Junho,EQ05,AT018,Instalação de bacias de contenção,un,5,CONCLUÍDO,,AT020,Georreferenciamento de focos erosivos,PROERG
PM0211,2026,7,Julho,EQ05,AT018,Instalação de bacias de contenção,un,0,BLOQUEADO,EPI de escavação em falta — obras suspensas,AT020,Georreferenciamento de focos,PROERG
PM0212,2026,8,Agosto,EQ05,AT018,Instalação de bacias de contenção,un,5,CONCLUÍDO,,AT020,Georreferenciamento de focos erosivos,PROERG
PM0213,2026,9,Setembro,EQ05,AT018,Instalação de bacias de contenção,un,5,EM ANDAMENTO,,AT020,Georreferenciamento de focos erosivos,PROERG
PM0214,2026,10,Outubro,EQ05,AT018,Instalação de bacias de contenção,un,5,PLANEJADO,,AT020,Georreferenciamento de focos erosivos,PROERG
PM0215,2026,11,Novembro,EQ05,AT018,Instalação de bacias de contenção,un,5,PLANEJADO,,AT020,Georreferenciamento de focos erosivos,PROERG
PM0216,2026,12,Dezembro,EQ05,AT018,Instalação de bacias de contenção,un,5,PLANEJADO,Ausência de EPI específico para escavação,AT020,Georreferenciamento de focos erosivos,PROERG
PM0217,2026,1,Janeiro,EQ05,AT019,Drenagem superficial e manejo de solo,h,24,PARCIAL,Chuva — drenos rápidos alagados,AT020,Georreferenciamento de focos,PROERG
PM0218,2026,2,Fevereiro,EQ05,AT019,Drenagem superficial e manejo de solo,h,24,PARCIAL,Chuva persistente,AT020,Georreferenciamento de focos,PROERG
PM0219,2026,3,Março,EQ05,AT019,Drenagem superficial e manejo de solo,h,60,CONCLUÍDO,,AT020,Georreferenciamento de focos erosivos,PROERG
PM0220,2026,4,Abril,EQ05,AT019,Drenagem superficial e manejo de solo,h,60,CONCLUÍDO,,AT020,Georreferenciamento de focos erosivos,PROERG
PM0221,2026,5,Maio,EQ05,AT019,Drenagem superficial e manejo de solo,h,60,CONCLUÍDO,,AT020,Georreferenciamento de focos erosivos,PROERG
PM0222,2026,6,Junho,EQ05,AT019,Drenagem superficial e manejo de solo,h,60,CONCLUÍDO,,AT020,Georreferenciamento de focos erosivos,PROERG
PM0223,2026,7,Julho,EQ05,AT019,Drenagem superficial e manejo de solo,h,60,CONCLUÍDO,,AT020,Georreferenciamento de focos erosivos,PROERG
PM0224,2026,8,Agosto,EQ05,AT019,Drenagem superficial e manejo de solo,h,60,CONCLUÍDO,,AT020,Georreferenciamento de focos erosivos,PROERG
PM0225,2026,9,Setembro,EQ05,AT019,Drenagem superficial e manejo de solo,h,60,EM ANDAMENTO,,AT020,Georreferenciamento de focos erosivos,PROERG
PM0226,2026,10,Outubro,EQ05,AT019,Drenagem superficial e manejo de solo,h,60,PLANEJADO,,AT020,Georreferenciamento de focos erosivos,PROERG
PM0227,2026,11,Novembro,EQ05,AT019,Drenagem superficial e manejo de solo,h,60,PLANEJADO,,AT020,Georreferenciamento de focos erosivos,PROERG
PM0228,2026,12,Dezembro,EQ05,AT019,Drenagem superficial e manejo de solo,h,60,PLANEJADO,Chuva persistente suspende obras civis,AT020,Georreferenciamento de focos erosivos,PROERG
PM0229,2026,1,Janeiro,EQ05,AT020,Georreferenciamento de focos erosivos,km,10,CONCLUÍDO,,AT017,Controle de voçorocas,PROERG
PM0230,2026,2,Fevereiro,EQ05,AT020,Georreferenciamento de focos erosivos,km,10,CONCLUÍDO,,AT017,Controle de voçorocas,PROERG
PM0231,2026,3,Março,EQ05,AT020,Georreferenciamento de focos erosivos,km,10,CONCLUÍDO,,AT017,Controle de voçorocas,PROERG
PM0232,2026,4,Abril,EQ05,AT020,Georreferenciamento de focos erosivos,km,10,CONCLUÍDO,,AT017,Controle de voçorocas,PROERG
PM0233,2026,5,Maio,EQ05,AT020,Georreferenciamento de focos erosivos,km,10,CONCLUÍDO,,AT017,Controle de voçorocas,PROERG
PM0234,2026,6,Junho,EQ05,AT020,Georreferenciamento de focos erosivos,km,10,CONCLUÍDO,,AT017,Controle de voçorocas,PROERG
PM0235,2026,7,Julho,EQ05,AT020,Georreferenciamento de focos erosivos,km,10,CONCLUÍDO,,AT017,Controle de voçorocas,PROERG
PM0236,2026,8,Agosto,EQ05,AT020,Georreferenciamento de focos erosivos,km,10,CONCLUÍDO,,AT017,Controle de voçorocas,PROERG
PM0237,2026,9,Setembro,EQ05,AT020,Georreferenciamento de focos erosivos,km,10,EM ANDAMENTO,,AT017,Controle de voçorocas,PROERG
PM0238,2026,10,Outubro,EQ05,AT020,Georreferenciamento de focos erosivos,km,10,PLANEJADO,,AT017,Controle de voçorocas,PROERG
PM0239,2026,11,Novembro,EQ05,AT020,Georreferenciamento de focos erosivos,km,10,PLANEJADO,,AT017,Controle de voçorocas,PROERG
PM0240,2026,12,Dezembro,EQ05,AT020,Georreferenciamento de focos erosivos,km,10,PLANEJADO,Sem restrição climática,AT017,Controle de voçorocas,PROERG
PM0241,2026,1,Janeiro,EQ06,AT021,Programa ambiental em escolas da BP3,escola,0,BLOQUEADO,Recesso escolar de verão,AT024,Produção de materiais educativos,PROERG
PM0242,2026,2,Fevereiro,EQ06,AT021,Programa ambiental em escolas da BP3,escola,4,CONCLUÍDO,,AT024,Produção de materiais educativos,PROERG
PM0243,2026,3,Março,EQ06,AT021,Programa ambiental em escolas da BP3,escola,4,CONCLUÍDO,,AT024,Produção de materiais educativos,PROERG
PM0244,2026,4,Abril,EQ06,AT021,Programa ambiental em escolas da BP3,escola,4,CONCLUÍDO,,AT024,Produção de materiais educativos,PROERG
PM0245,2026,5,Maio,EQ06,AT021,Programa ambiental em escolas da BP3,escola,4,CONCLUÍDO,,AT024,Produção de materiais educativos,PROERG
PM0246,2026,6,Junho,EQ06,AT021,Programa ambiental em escolas da BP3,escola,4,CONCLUÍDO,,AT024,Produção de materiais educativos,PROERG
PM0247,2026,7,Julho,EQ06,AT021,Programa ambiental em escolas da BP3,escola,4,CONCLUÍDO,,AT024,Produção de materiais educativos,PROERG
PM0248,2026,8,Agosto,EQ06,AT021,Programa ambiental em escolas da BP3,escola,0,BLOQUEADO,Recesso escolar de inverno,AT024,Produção de materiais educativos,PROERG
PM0249,2026,9,Setembro,EQ06,AT021,Programa ambiental em escolas da BP3,escola,4,EM ANDAMENTO,,AT024,Produção de materiais educativos,PROERG
PM0250,2026,10,Outubro,EQ06,AT021,Programa ambiental em escolas da BP3,escola,4,PLANEJADO,,AT024,Produção de materiais educativos,PROERG
PM0251,2026,11,Novembro,EQ06,AT021,Programa ambiental em escolas da BP3,escola,4,PLANEJADO,,AT024,Produção de materiais educativos,PROERG
PM0252,2026,12,Dezembro,EQ06,AT021,Programa ambiental em escolas da BP3,escola,4,PLANEJADO,Recesso escolar e feriados prolongados,AT024,Produção de materiais educativos,PROERG
PM0253,2026,1,Janeiro,EQ06,AT022,Trilhas interpretativas e visitas guiadas,participante,0,BLOQUEADO,Chuva intensa e raios — trilhas suspensas,AT024,Produção de materiais educativos,PROERG
PM0254,2026,2,Fevereiro,EQ06,AT022,Trilhas interpretativas e visitas guiadas,participante,40,PARCIAL,Chuvas — algumas trilhas canceladas,AT024,Produção de materiais educativos,PROERG
PM0255,2026,3,Março,EQ06,AT022,Trilhas interpretativas e visitas guiadas,participante,100,CONCLUÍDO,,AT024,Produção de materiais educativos,PROERG
PM0256,2026,4,Abril,EQ06,AT022,Trilhas interpretativas e visitas guiadas,participante,100,CONCLUÍDO,,AT024,Produção de materiais educativos,PROERG
PM0257,2026,5,Maio,EQ06,AT022,Trilhas interpretativas e visitas guiadas,participante,100,CONCLUÍDO,,AT024,Produção de materiais educativos,PROERG
PM0258,2026,6,Junho,EQ06,AT022,Trilhas interpretativas e visitas guiadas,participante,100,CONCLUÍDO,,AT024,Produção de materiais educativos,PROERG
PM0259,2026,7,Julho,EQ06,AT022,Trilhas interpretativas e visitas guiadas,participante,100,CONCLUÍDO,,AT024,Produção de materiais educativos,PROERG
PM0260,2026,8,Agosto,EQ06,AT022,Trilhas interpretativas e visitas guiadas,participante,100,CONCLUÍDO,,AT024,Produção de materiais educativos,PROERG
PM0261,2026,9,Setembro,EQ06,AT022,Trilhas interpretativas e visitas guiadas,participante,100,EM ANDAMENTO,,AT024,Produção de materiais educativos,PROERG
PM0262,2026,10,Outubro,EQ06,AT022,Trilhas interpretativas e visitas guiadas,participante,100,PLANEJADO,,AT024,Produção de materiais educativos,PROERG
PM0263,2026,11,Novembro,EQ06,AT022,Trilhas interpretativas e visitas guiadas,participante,100,PLANEJADO,,AT024,Produção de materiais educativos,PROERG
PM0264,2026,12,Dezembro,EQ06,AT022,Trilhas interpretativas e visitas guiadas,participante,100,PLANEJADO,Chuva forte e raios impedem trilha,AT024,Produção de materiais educativos,PROERG
PM0265,2026,1,Janeiro,EQ06,AT023,Capacitação de agentes e brigadistas,h,0,BLOQUEADO,Sem espaço disponível no período,AT024,Produção de materiais educativos,PROERG
PM0266,2026,2,Fevereiro,EQ06,AT023,Capacitação de agentes e brigadistas,h,40,CONCLUÍDO,,AT024,Produção de materiais educativos,PROERG
PM0267,2026,3,Março,EQ06,AT023,Capacitação de agentes e brigadistas,h,40,CONCLUÍDO,,AT024,Produção de materiais educativos,PROERG
PM0268,2026,4,Abril,EQ06,AT023,Capacitação de agentes e brigadistas,h,40,CONCLUÍDO,,AT024,Produção de materiais educativos,PROERG
PM0269,2026,5,Maio,EQ06,AT023,Capacitação de agentes e brigadistas,h,40,CONCLUÍDO,,AT024,Produção de materiais educativos,PROERG
PM0270,2026,6,Junho,EQ06,AT023,Capacitação de agentes e brigadistas,h,40,CONCLUÍDO,,AT024,Produção de materiais educativos,PROERG
PM0271,2026,7,Julho,EQ06,AT023,Capacitação de agentes e brigadistas,h,40,CONCLUÍDO,,AT024,Produção de materiais educativos,PROERG
PM0272,2026,8,Agosto,EQ06,AT023,Capacitação de agentes e brigadistas,h,40,CONCLUÍDO,,AT024,Produção de materiais educativos,PROERG
PM0273,2026,9,Setembro,EQ06,AT023,Capacitação de agentes e brigadistas,h,40,EM ANDAMENTO,,AT024,Produção de materiais educativos,PROERG
PM0274,2026,10,Outubro,EQ06,AT023,Capacitação de agentes e brigadistas,h,40,PLANEJADO,,AT024,Produção de materiais educativos,PROERG
PM0275,2026,11,Novembro,EQ06,AT023,Capacitação de agentes e brigadistas,h,40,PLANEJADO,,AT024,Produção de materiais educativos,PROERG
PM0276,2026,12,Dezembro,EQ06,AT023,Capacitação de agentes e brigadistas,h,40,PLANEJADO,Falta de espaço e logística de transporte,AT024,Produção de materiais educativos,PROERG
PM0277,2026,1,Janeiro,EQ06,AT024,Produção de materiais educativos e digitais,un,8,CONCLUÍDO,,AT021,Programa ambiental em escolas,PROERG
PM0278,2026,2,Fevereiro,EQ06,AT024,Produção de materiais educativos e digitais,un,8,CONCLUÍDO,,AT021,Programa ambiental em escolas,PROERG
PM0279,2026,3,Março,EQ06,AT024,Produção de materiais educativos e digitais,un,8,CONCLUÍDO,,AT021,Programa ambiental em escolas,PROERG
PM0280,2026,4,Abril,EQ06,AT024,Produção de materiais educativos e digitais,un,8,CONCLUÍDO,,AT021,Programa ambiental em escolas,PROERG
PM0281,2026,5,Maio,EQ06,AT024,Produção de materiais educativos e digitais,un,8,CONCLUÍDO,,AT021,Programa ambiental em escolas,PROERG
PM0282,2026,6,Junho,EQ06,AT024,Produção de materiais educativos e digitais,un,8,CONCLUÍDO,,AT021,Programa ambiental em escolas,PROERG
PM0283,2026,7,Julho,EQ06,AT024,Produção de materiais educativos e digitais,un,8,CONCLUÍDO,,AT021,Programa ambiental em escolas,PROERG
PM0284,2026,8,Agosto,EQ06,AT024,Produção de materiais educativos e digitais,un,8,CONCLUÍDO,,AT021,Programa ambiental em escolas,PROERG
PM0285,2026,9,Setembro,EQ06,AT024,Produção de materiais educativos e digitais,un,8,EM ANDAMENTO,,AT021,Programa ambiental em escolas,PROERG
PM0286,2026,10,Outubro,EQ06,AT024,Produção de materiais educativos e digitais,un,8,PLANEJADO,,AT021,Programa ambiental em escolas,PROERG
PM0287,2026,11,Novembro,EQ06,AT024,Produção de materiais educativos e digitais,un,8,PLANEJADO,,AT021,Programa ambiental em escolas,PROERG
PM0288,2026,12,Dezembro,EQ06,AT024,Produção de materiais educativos e digitais,un,8,PLANEJADO,Sem restrição climática,AT021,Programa ambiental em escolas,PROERG
